<?xml version = '1.0' encoding = 'UTF-8'?>
<Table class="oracle.dbtools.crest.model.design.relational.Table" directorySegmentName="seg_0" id="0F90670B-8141-7D82-3E40-9D7B19B035D5" name="CONTACT">
<createdBy>Pranav Sharma</createdBy>
<createdTime>2017-09-08 10:20:58 UTC</createdTime>
<generatorID>879919B3-EEF0-1322-6802-58445EB97632</generatorID>
<ownerDesignName>rm_OracleModel</ownerDesignName>
<allowColumnReorder>false</allowColumnReorder>
<existDependencyGenerateInDDl>true</existDependencyGenerateInDDl>
<parsed>true</parsed>
<columns itemClass="oracle.dbtools.crest.model.design.relational.Column">
<Column name="PGCONTACT" id="E9169FCD-D942-1B78-9812-974167849131">
<createdBy>Pranav Sharma</createdBy>
<createdTime>2017-09-08 10:20:58 UTC</createdTime>
<commentInRDBMS>PRIMARY KEY IN CONTACT ENTITY.</commentInRDBMS>
<generatorID>A8EFA777-80D7-666D-D734-72298FE84066</generatorID>
<ownerDesignName>rm_OracleModel</ownerDesignName>
<useDomainConstraints>false</useDomainConstraints>
<use>1</use>
<logicalDatatype>LOGDT024</logicalDatatype>
<dataTypeSize>10</dataTypeSize>
<ownDataTypeParameters>10,,</ownDataTypeParameters>
<autoIncrementCycle>false</autoIncrementCycle>
</Column>
<Column name="COMPETITOR_COMEMAIL" id="DA3EABDD-FFF6-4140-FE5F-B45EDCF7CD0B">
<createdBy>Pranav Sharma</createdBy>
<createdTime>2017-09-08 10:20:58 UTC</createdTime>
<generatorID>DC280C75-11AA-9CB1-3C85-60B5509B9986</generatorID>
<ownerDesignName>rm_OracleModel</ownerDesignName>
<useDomainConstraints>false</useDomainConstraints>
<use>1</use>
<logicalDatatype>LOGDT024</logicalDatatype>
<dataTypeSize>10</dataTypeSize>
<ownDataTypeParameters>,,</ownDataTypeParameters>
<previousColumn>false</previousColumn>
<autoIncrementCycle>false</autoIncrementCycle>
<associations>
<colAssociation fkAssociation="B427BF98-9EA2-2E73-32F6-4C671090C2CB" referredColumn="93108B4F-D61E-8834-935C-0A41FFDDB5BA"/>
</associations>
</Column>
<Column name="EMER_CONTACT_EMCONTACT" id="0EE17A80-904E-FEB2-8EFD-FD0B40A8EA73">
<createdBy>Pranav Sharma</createdBy>
<createdTime>2017-09-08 10:20:58 UTC</createdTime>
<generatorID>2857F5BD-3265-8859-DA94-7E9E0C701235</generatorID>
<ownerDesignName>rm_OracleModel</ownerDesignName>
<useDomainConstraints>false</useDomainConstraints>
<use>1</use>
<logicalDatatype>LOGDT024</logicalDatatype>
<dataTypeSize>10</dataTypeSize>
<ownDataTypeParameters>10,,</ownDataTypeParameters>
<previousColumn>false</previousColumn>
<autoIncrementCycle>false</autoIncrementCycle>
<associations>
<colAssociation fkAssociation="4D407BA1-1ED2-8180-7D81-645AB1B427A6" referredColumn="224431E7-7F13-1CF9-3B60-716BC3AA0E63"/>
</associations>
</Column>
</columns>
<indexes itemClass="oracle.dbtools.crest.model.design.relational.Index">
<ind_PK_UK id="4F6AEE11-C401-5498-DCCD-FFDC2667F606" name="CONTACT_PK">
<createdBy>Pranav Sharma</createdBy>
<createdTime>2017-09-08 10:20:58 UTC</createdTime>
<generatorID>2989FCDD-56D4-6324-20F7-E281647CC2F8</generatorID>
<ownerDesignName>rm_OracleModel</ownerDesignName>
<pk>true</pk>
<indexState>Primary Constraint</indexState>
<isSurrogateKey>false</isSurrogateKey>
<indexColumnUsage>
<colUsage columnID="E9169FCD-D942-1B78-9812-974167849131"/>
</indexColumnUsage>
</ind_PK_UK>
<ind_PK_UK id="0FB8E1AD-9223-6DBD-B7FA-35044A340518" name="CONTACT_COMPETITOR_FK">
<createdBy>Pranav Sharma</createdBy>
<createdTime>2017-09-08 10:20:58 UTC</createdTime>
<generatorID>8535F172-162B-0BAD-721D-0C546C26C802</generatorID>
<ownerDesignName>rm_OracleModel</ownerDesignName>
<indexState>Foreign Key</indexState>
<isSurrogateKey>false</isSurrogateKey>
<indexColumnUsage>
<colUsage columnID="DA3EABDD-FFF6-4140-FE5F-B45EDCF7CD0B"/>
</indexColumnUsage>
</ind_PK_UK>
<ind_PK_UK id="5E7E7969-AC45-A769-4D29-F439B6D012DF" name="CONTACT_EMER_CONTACT_FK">
<createdBy>Pranav Sharma</createdBy>
<createdTime>2017-09-08 10:20:58 UTC</createdTime>
<generatorID>83D363DE-183A-BB43-B5FC-059B0E8D6C58</generatorID>
<ownerDesignName>rm_OracleModel</ownerDesignName>
<indexState>Foreign Key</indexState>
<isSurrogateKey>false</isSurrogateKey>
<indexColumnUsage>
<colUsage columnID="0EE17A80-904E-FEB2-8EFD-FD0B40A8EA73"/>
</indexColumnUsage>
</ind_PK_UK>
</indexes>
</Table>