<?xml version = '1.0' encoding = 'UTF-8'?>
<Table class="oracle.dbtools.crest.model.design.relational.Table" directorySegmentName="seg_0" id="175E6A2A-F175-19E5-1778-E803F65E129C" name="MERCHANDISE">
<createdBy>Pranav Sharma</createdBy>
<createdTime>2017-09-08 10:20:58 UTC</createdTime>
<generatorID>97A055EE-80F9-E1E8-9740-0267CEF93BCF</generatorID>
<ownerDesignName>rm_OracleModel</ownerDesignName>
<allowColumnReorder>false</allowColumnReorder>
<existDependencyGenerateInDDl>true</existDependencyGenerateInDDl>
<parsed>true</parsed>
<columns itemClass="oracle.dbtools.crest.model.design.relational.Column">
<Column name="CARDATE" id="D8102600-0A18-0A2B-99ED-D3FB8CDC3DEE">
<createdBy>Pranav Sharma</createdBy>
<createdTime>2017-09-08 10:20:58 UTC</createdTime>
<commentInRDBMS>DATE OF THE CARNIVAL.</commentInRDBMS>
<generatorID>DCC9156A-A416-7281-5236-C10661C12327</generatorID>
<ownerDesignName>rm_OracleModel</ownerDesignName>
<useDomainConstraints>false</useDomainConstraints>
<use>1</use>
<logicalDatatype>LOGDT007</logicalDatatype>
<ownDataTypeParameters>,,</ownDataTypeParameters>
<autoIncrementCycle>false</autoIncrementCycle>
</Column>
<Column name="CARLOC" id="C092A904-DF3A-AA27-94B6-7EFC9DBE1CF6">
<createdBy>Pranav Sharma</createdBy>
<createdTime>2017-09-08 10:20:58 UTC</createdTime>
<commentInRDBMS>LOCATION</commentInRDBMS>
<generatorID>94CE8EFB-8CB9-B2D8-37B9-29C942B11714</generatorID>
<ownerDesignName>rm_OracleModel</ownerDesignName>
<nullsAllowed>true</nullsAllowed>
<useDomainConstraints>false</useDomainConstraints>
<use>1</use>
<logicalDatatype>LOGDT024</logicalDatatype>
<dataTypeSize>10</dataTypeSize>
<ownDataTypeParameters>10,,</ownDataTypeParameters>
<autoIncrementCycle>false</autoIncrementCycle>
</Column>
<Column name="COMNAME" id="0F57A7C3-D65F-6C71-4CF7-01C0A25264D7">
<createdBy>Pranav Sharma</createdBy>
<createdTime>2017-09-08 10:20:58 UTC</createdTime>
<commentInRDBMS>COMPETITOR NAME</commentInRDBMS>
<generatorID>51D2E2B8-E763-BA30-8415-46F191801F4D</generatorID>
<ownerDesignName>rm_OracleModel</ownerDesignName>
<nullsAllowed>true</nullsAllowed>
<useDomainConstraints>false</useDomainConstraints>
<use>1</use>
<logicalDatatype>LOGDT024</logicalDatatype>
<dataTypeSize>10</dataTypeSize>
<ownDataTypeParameters>10,,</ownDataTypeParameters>
<autoIncrementCycle>false</autoIncrementCycle>
</Column>
<Column name="COMPETITOR_COMEMAIL" id="B7307462-32D4-5060-78C6-2EA36FD453CA">
<createdBy>Pranav Sharma</createdBy>
<createdTime>2017-09-08 10:38:52 UTC</createdTime>
<generatorID>8DF9A83A-71D5-2F70-D5DB-A2927B5E0755</generatorID>
<ownerDesignName>rm_OracleModel</ownerDesignName>
<useDomainConstraints>false</useDomainConstraints>
<use>1</use>
<logicalDatatype>LOGDT024</logicalDatatype>
<dataTypeSize>10</dataTypeSize>
<ownDataTypeParameters>,,</ownDataTypeParameters>
<previousColumn>false</previousColumn>
<autoIncrementCycle>false</autoIncrementCycle>
<associations>
<colAssociation fkAssociation="BD66F7C8-7AC5-8F94-3D28-11C2C5474DF4" referredColumn="93108B4F-D61E-8834-935C-0A41FFDDB5BA"/>
</associations>
</Column>
</columns>
<indexes itemClass="oracle.dbtools.crest.model.design.relational.Index">
<ind_PK_UK id="A8D0698A-F437-8EE6-D0D8-FC8E317E4F60" name="MERCHANDISE_PK">
<createdBy>Pranav Sharma</createdBy>
<createdTime>2017-09-08 10:20:58 UTC</createdTime>
<generatorID>E27EE5A8-43E0-A601-A376-13B8B8CAAA9F</generatorID>
<ownerDesignName>rm_OracleModel</ownerDesignName>
<pk>true</pk>
<indexState>Primary Constraint</indexState>
<isSurrogateKey>false</isSurrogateKey>
<indexColumnUsage>
<colUsage columnID="D8102600-0A18-0A2B-99ED-D3FB8CDC3DEE"/>
</indexColumnUsage>
</ind_PK_UK>
<ind_PK_UK id="800DAE57-CEC8-CD52-EC06-99017A5692D7" name="MERCHANDISE_COMPETITOR_FK">
<createdBy>Pranav Sharma</createdBy>
<createdTime>2017-09-08 10:38:52 UTC</createdTime>
<generatorID>D54C69ED-9940-8E1D-8E82-AF57410EE827</generatorID>
<ownerDesignName>rm_OracleModel</ownerDesignName>
<indexState>Foreign Key</indexState>
<isSurrogateKey>false</isSurrogateKey>
<indexColumnUsage>
<colUsage columnID="B7307462-32D4-5060-78C6-2EA36FD453CA"/>
</indexColumnUsage>
</ind_PK_UK>
</indexes>
</Table>