<?xml version = '1.0' encoding = 'UTF-8'?>
<Table class="oracle.dbtools.crest.model.design.relational.Table" directorySegmentName="seg_0" id="4178CFE8-23E6-5516-5D5A-850B1F04A6B1" name="RUN_MONASH">
<createdBy>Pranav Sharma</createdBy>
<createdTime>2017-09-08 10:20:58 UTC</createdTime>
<generatorID>00CBB52E-BD30-4F2D-6318-38AC05F1D587</generatorID>
<ownerDesignName>rm_OracleModel</ownerDesignName>
<allowColumnReorder>false</allowColumnReorder>
<existDependencyGenerateInDDl>true</existDependencyGenerateInDDl>
<parsed>true</parsed>
<columns itemClass="oracle.dbtools.crest.model.design.relational.Column">
<Column name="COMNUM" id="00E049E1-E084-A87E-1F7F-F3923E66CD00">
<createdBy>Pranav Sharma</createdBy>
<createdTime>2017-09-08 10:20:58 UTC</createdTime>
<commentInRDBMS>Competitor number in run monash.</commentInRDBMS>
<generatorID>D6815179-28F3-C481-FEB1-460D0F2FAC63</generatorID>
<ownerDesignName>rm_OracleModel</ownerDesignName>
<useDomainConstraints>false</useDomainConstraints>
<use>1</use>
<logicalDatatype>LOGDT019</logicalDatatype>
<ownDataTypeParameters>,,</ownDataTypeParameters>
<autoIncrementCycle>false</autoIncrementCycle>
</Column>
<Column name="FNAME" id="67B7D222-02F1-604B-97B0-979509272050">
<createdBy>Pranav Sharma</createdBy>
<createdTime>2017-09-08 10:20:58 UTC</createdTime>
<commentInRDBMS>First name for the competitor.</commentInRDBMS>
<generatorID>964A2042-60F0-E007-B767-24BDF191EA06</generatorID>
<ownerDesignName>rm_OracleModel</ownerDesignName>
<nullsAllowed>true</nullsAllowed>
<useDomainConstraints>false</useDomainConstraints>
<use>1</use>
<logicalDatatype>LOGDT024</logicalDatatype>
<dataTypeSize>10</dataTypeSize>
<ownDataTypeParameters>10,,</ownDataTypeParameters>
<autoIncrementCycle>false</autoIncrementCycle>
</Column>
<Column name="LNAME" id="D546E800-53A4-3EB4-C7F4-7401E8F3F472">
<createdBy>Pranav Sharma</createdBy>
<createdTime>2017-09-08 10:20:58 UTC</createdTime>
<commentInRDBMS>Last name for the competitor.</commentInRDBMS>
<generatorID>81C279E9-282A-B678-D401-36DE8FDCD62D</generatorID>
<ownerDesignName>rm_OracleModel</ownerDesignName>
<nullsAllowed>true</nullsAllowed>
<useDomainConstraints>false</useDomainConstraints>
<use>1</use>
<logicalDatatype>LOGDT024</logicalDatatype>
<dataTypeSize>10</dataTypeSize>
<ownDataTypeParameters>10,,</ownDataTypeParameters>
<autoIncrementCycle>false</autoIncrementCycle>
</Column>
</columns>
<indexes itemClass="oracle.dbtools.crest.model.design.relational.Index">
<ind_PK_UK id="51F3BB90-0C38-7AF2-8996-528E1A87D04C" name="RUN_MONASH_PK">
<createdBy>Pranav Sharma</createdBy>
<createdTime>2017-09-08 10:20:58 UTC</createdTime>
<generatorID>593D840E-DEAD-FEC0-20BC-8777B404F135</generatorID>
<ownerDesignName>rm_OracleModel</ownerDesignName>
<pk>true</pk>
<indexState>Primary Constraint</indexState>
<isSurrogateKey>false</isSurrogateKey>
<indexColumnUsage>
<colUsage columnID="00E049E1-E084-A87E-1F7F-F3923E66CD00"/>
</indexColumnUsage>
</ind_PK_UK>
</indexes>
</Table>