<?xml version = '1.0' encoding = 'UTF-8'?>
<Table class="oracle.dbtools.crest.model.design.relational.Table" directorySegmentName="seg_0" id="50F8F58E-E793-C763-82D6-5803B6A9604D" name="ORDER_DETAILS">
<createdBy>Pranav Sharma</createdBy>
<createdTime>2017-09-08 10:20:58 UTC</createdTime>
<generatorID>B0C19904-2789-2A36-C663-43648865150B</generatorID>
<ownerDesignName>rm_OracleModel</ownerDesignName>
<allowColumnReorder>false</allowColumnReorder>
<existDependencyGenerateInDDl>true</existDependencyGenerateInDDl>
<parsed>true</parsed>
<columns itemClass="oracle.dbtools.crest.model.design.relational.Column">
<Column name="MERCHANDISE_CARDATE" id="1B4778AC-37C7-664E-E4D6-C2F1183B103E">
<createdBy>Pranav Sharma</createdBy>
<createdTime>2017-09-08 10:20:58 UTC</createdTime>
<generatorID>34A06AF0-9DAE-3438-0D86-86B9AA5B5A9D</generatorID>
<ownerDesignName>rm_OracleModel</ownerDesignName>
<useDomainConstraints>false</useDomainConstraints>
<use>1</use>
<logicalDatatype>LOGDT007</logicalDatatype>
<ownDataTypeParameters>,,</ownDataTypeParameters>
<previousColumn>false</previousColumn>
<autoIncrementCycle>false</autoIncrementCycle>
<associations>
<colAssociation fkAssociation="AA120B51-A86B-CBCC-0D0A-947D97A92EDF" referredColumn="D8102600-0A18-0A2B-99ED-D3FB8CDC3DEE"/>
</associations>
</Column>
<Column name="ORDER_ORNUM" id="FF22062C-8014-E58C-36D3-9359F93FB1CD">
<createdBy>Pranav Sharma</createdBy>
<createdTime>2017-09-08 10:20:58 UTC</createdTime>
<generatorID>630AEE44-FCA0-1E7B-F112-40A81E11BA76</generatorID>
<ownerDesignName>rm_OracleModel</ownerDesignName>
<useDomainConstraints>false</useDomainConstraints>
<use>1</use>
<logicalDatatype>LOGDT024</logicalDatatype>
<dataTypeSize>10</dataTypeSize>
<ownDataTypeParameters>,,</ownDataTypeParameters>
<previousColumn>false</previousColumn>
<autoIncrementCycle>false</autoIncrementCycle>
<associations>
<colAssociation fkAssociation="66846349-49CA-7334-2BA3-C94890775CE6" referredColumn="1DF20E6B-A312-F916-4E73-316F1C22C4E6"/>
</associations>
</Column>
</columns>
<indexes itemClass="oracle.dbtools.crest.model.design.relational.Index">
<ind_PK_UK id="F6A64CAE-ED05-F327-7990-2EFCA7E75D9F" name="ORDER_DETAILS_MERCHANDISE_FK">
<createdBy>Pranav Sharma</createdBy>
<createdTime>2017-09-08 10:20:58 UTC</createdTime>
<generatorID>44D69924-8D2A-820C-444C-578ADCF5CB8E</generatorID>
<ownerDesignName>rm_OracleModel</ownerDesignName>
<indexState>Foreign Key</indexState>
<isSurrogateKey>false</isSurrogateKey>
<indexColumnUsage>
<colUsage columnID="1B4778AC-37C7-664E-E4D6-C2F1183B103E"/>
</indexColumnUsage>
</ind_PK_UK>
<ind_PK_UK id="BAD1990E-2EE8-24C1-8A89-CF01E82FC8E9" name="ORDER_DETAILS_ORDER_FK">
<createdBy>Pranav Sharma</createdBy>
<createdTime>2017-09-08 10:20:58 UTC</createdTime>
<generatorID>FDFEF9F8-7CDE-C97C-F5E0-9078E9545C69</generatorID>
<ownerDesignName>rm_OracleModel</ownerDesignName>
<indexState>Foreign Key</indexState>
<isSurrogateKey>false</isSurrogateKey>
<indexColumnUsage>
<colUsage columnID="FF22062C-8014-E58C-36D3-9359F93FB1CD"/>
</indexColumnUsage>
</ind_PK_UK>
</indexes>
</Table>