<?xml version = '1.0' encoding = 'UTF-8'?>
<Table class="oracle.dbtools.crest.model.design.relational.Table" directorySegmentName="seg_0" id="5A9AF4BE-86E0-E6EC-084B-73D0C095F19F" name="EMER_CONTACT">
<createdBy>Pranav Sharma</createdBy>
<createdTime>2017-09-08 10:20:58 UTC</createdTime>
<generatorID>47393B02-5585-355D-DF83-C1831BDE703A</generatorID>
<ownerDesignName>rm_OracleModel</ownerDesignName>
<allowColumnReorder>false</allowColumnReorder>
<existDependencyGenerateInDDl>true</existDependencyGenerateInDDl>
<parsed>true</parsed>
<columns itemClass="oracle.dbtools.crest.model.design.relational.Column">
<Column name="EMFNAME" id="B5F2C67D-E5C2-7EAC-BBE5-A2F40DC8CC23">
<createdBy>Pranav Sharma</createdBy>
<createdTime>2017-09-08 10:20:58 UTC</createdTime>
<comment>FIRST NAME FOR EMERGENCY CONTACT.</comment>
<generatorID>95809B49-A31B-15DF-EC08-F883EBE11296</generatorID>
<ownerDesignName>rm_OracleModel</ownerDesignName>
<nullsAllowed>true</nullsAllowed>
<useDomainConstraints>false</useDomainConstraints>
<use>1</use>
<logicalDatatype>LOGDT024</logicalDatatype>
<dataTypeSize>10</dataTypeSize>
<ownDataTypeParameters>10,,</ownDataTypeParameters>
<autoIncrementCycle>false</autoIncrementCycle>
</Column>
<Column name="EMLNAME" id="D0CBBB3B-053F-4A4A-8543-AF9D06D8B8E3">
<createdBy>Pranav Sharma</createdBy>
<createdTime>2017-09-08 10:20:58 UTC</createdTime>
<commentInRDBMS>LAST NAME.</commentInRDBMS>
<generatorID>B3C5D569-F0CB-F60B-02D1-8C58B2F96A50</generatorID>
<ownerDesignName>rm_OracleModel</ownerDesignName>
<nullsAllowed>true</nullsAllowed>
<useDomainConstraints>false</useDomainConstraints>
<use>1</use>
<logicalDatatype>LOGDT024</logicalDatatype>
<dataTypeSize>10</dataTypeSize>
<ownDataTypeParameters>10,,</ownDataTypeParameters>
<autoIncrementCycle>false</autoIncrementCycle>
</Column>
<Column name="EMRELATION" id="4A4C16F8-A10D-9F2B-FB23-128FCBCDDAC7">
<createdBy>Pranav Sharma</createdBy>
<createdTime>2017-09-08 10:20:58 UTC</createdTime>
<commentInRDBMS>RELATION WITH CONTACT.</commentInRDBMS>
<generatorID>767887FE-AC9C-48D5-C72B-CB008FF0E603</generatorID>
<ownerDesignName>rm_OracleModel</ownerDesignName>
<nullsAllowed>true</nullsAllowed>
<useDomainConstraints>false</useDomainConstraints>
<use>1</use>
<logicalDatatype>LOGDT024</logicalDatatype>
<dataTypeSize>10</dataTypeSize>
<ownDataTypeParameters>10,,</ownDataTypeParameters>
<autoIncrementCycle>false</autoIncrementCycle>
</Column>
<Column name="EMCONTACT" id="224431E7-7F13-1CF9-3B60-716BC3AA0E63">
<createdBy>Pranav Sharma</createdBy>
<createdTime>2017-09-08 10:20:58 UTC</createdTime>
<commentInRDBMS>PRIMARY KEY FOR EMERGENCY CONTACT.</commentInRDBMS>
<generatorID>5C3EC8FE-EF29-93CC-3939-3A0684BA7F87</generatorID>
<ownerDesignName>rm_OracleModel</ownerDesignName>
<useDomainConstraints>false</useDomainConstraints>
<use>1</use>
<logicalDatatype>LOGDT024</logicalDatatype>
<dataTypeSize>10</dataTypeSize>
<ownDataTypeParameters>10,,</ownDataTypeParameters>
<autoIncrementCycle>false</autoIncrementCycle>
</Column>
</columns>
<indexes itemClass="oracle.dbtools.crest.model.design.relational.Index">
<ind_PK_UK id="35B8780E-C031-79E8-5B66-56ED496AC269" name="EMER_CONTACT_PK">
<createdBy>Pranav Sharma</createdBy>
<createdTime>2017-09-08 10:20:58 UTC</createdTime>
<generatorID>F7051C0E-D1D2-392C-FDF8-5F5A22327D10</generatorID>
<ownerDesignName>rm_OracleModel</ownerDesignName>
<pk>true</pk>
<indexState>Primary Constraint</indexState>
<isSurrogateKey>false</isSurrogateKey>
<indexColumnUsage>
<colUsage columnID="224431E7-7F13-1CF9-3B60-716BC3AA0E63"/>
</indexColumnUsage>
</ind_PK_UK>
</indexes>
</Table>