<?xml version = '1.0' encoding = 'UTF-8'?>
<Table class="oracle.dbtools.crest.model.design.relational.Table" directorySegmentName="seg_0" id="6847859C-D536-5A5C-8EB6-68D1D2261440" name="EVENT_DATA">
<createdBy>Pranav Sharma</createdBy>
<createdTime>2017-09-08 10:20:58 UTC</createdTime>
<generatorID>DDD8F2F1-57DF-166D-71FF-AFCB4D359F95</generatorID>
<ownerDesignName>rm_OracleModel</ownerDesignName>
<allowColumnReorder>false</allowColumnReorder>
<existDependencyGenerateInDDl>true</existDependencyGenerateInDDl>
<parsed>true</parsed>
<columns itemClass="oracle.dbtools.crest.model.design.relational.Column">
<Column name="EventName" id="82AF0D51-F08B-9737-C7FB-ACD0DC2B1A21">
<createdBy>Pranav Sharma</createdBy>
<createdTime>2017-09-08 10:20:58 UTC</createdTime>
<commentInRDBMS>Name of the event that is unique.</commentInRDBMS>
<generatorID>DA48811F-C3AA-CF44-0C96-C97AE4FB458C</generatorID>
<ownerDesignName>rm_OracleModel</ownerDesignName>
<useDomainConstraints>false</useDomainConstraints>
<use>1</use>
<logicalDatatype>LOGDT024</logicalDatatype>
<dataTypeSize>10</dataTypeSize>
<ownDataTypeParameters>10,,</ownDataTypeParameters>
<autoIncrementCycle>false</autoIncrementCycle>
</Column>
<Column name="TName" id="C6113184-6E88-81C2-500B-80B24D643702">
<createdBy>Pranav Sharma</createdBy>
<createdTime>2017-09-08 10:20:58 UTC</createdTime>
<commentInRDBMS>naming identity.</commentInRDBMS>
<generatorID>0A8EB004-7F82-E56A-FCB8-F84FFD8B9EED</generatorID>
<ownerDesignName>rm_OracleModel</ownerDesignName>
<nullsAllowed>true</nullsAllowed>
<useDomainConstraints>false</useDomainConstraints>
<use>1</use>
<logicalDatatype>LOGDT024</logicalDatatype>
<dataTypeSize>10</dataTypeSize>
<ownDataTypeParameters>10,,</ownDataTypeParameters>
<autoIncrementCycle>false</autoIncrementCycle>
</Column>
<Column name="Charity" id="08044DFB-C43B-E045-F6FC-79AB3CDD3E7D">
<createdBy>Pranav Sharma</createdBy>
<createdTime>2017-09-08 10:20:58 UTC</createdTime>
<commentInRDBMS>Name of the charity identified. </commentInRDBMS>
<generatorID>E003DB50-7BD1-6EDB-3239-5E5357DD3282</generatorID>
<ownerDesignName>rm_OracleModel</ownerDesignName>
<nullsAllowed>true</nullsAllowed>
<useDomainConstraints>false</useDomainConstraints>
<use>1</use>
<logicalDatatype>LOGDT024</logicalDatatype>
<dataTypeSize>10</dataTypeSize>
<ownDataTypeParameters>10,,</ownDataTypeParameters>
<autoIncrementCycle>false</autoIncrementCycle>
</Column>
<Column name="RUN_MONASH_COMNUM" id="8A023831-7B2B-A814-D1B3-F2B5DDDFFE27">
<createdBy>Pranav Sharma</createdBy>
<createdTime>2017-09-08 10:20:58 UTC</createdTime>
<generatorID>87A46C62-B093-B6F6-DC38-3D9AE0E2453C</generatorID>
<ownerDesignName>rm_OracleModel</ownerDesignName>
<useDomainConstraints>false</useDomainConstraints>
<use>1</use>
<logicalDatatype>LOGDT019</logicalDatatype>
<ownDataTypeParameters>,,</ownDataTypeParameters>
<previousColumn>false</previousColumn>
<autoIncrementCycle>false</autoIncrementCycle>
<associations>
<colAssociation fkAssociation="2E0915BD-27E4-0F36-280D-8675FE173358" referredColumn="00E049E1-E084-A87E-1F7F-F3923E66CD00"/>
</associations>
</Column>
<Column name="CARNIVAL_CARDATE" id="ADAF05C4-D646-895E-5F0C-C3145752E7BB">
<createdBy>Pranav Sharma</createdBy>
<createdTime>2017-09-08 10:38:52 UTC</createdTime>
<generatorID>813512D1-C82C-1FC6-1BFE-47A34DD56529</generatorID>
<ownerDesignName>rm_OracleModel</ownerDesignName>
<useDomainConstraints>false</useDomainConstraints>
<use>1</use>
<logicalDatatype>LOGDT007</logicalDatatype>
<ownDataTypeParameters>,,</ownDataTypeParameters>
<previousColumn>false</previousColumn>
<autoIncrementCycle>false</autoIncrementCycle>
<associations>
<colAssociation fkAssociation="3E36FC9E-AD9E-06F4-EF31-0938CFCBB617" referredColumn="447FCFCF-E033-24B4-19FA-BDC44ADE1AC5"/>
</associations>
</Column>
<Column name="COMPETITOR_COMEMAIL" id="50406049-8A63-66AB-B2C4-629E90F5120F">
<createdBy>Pranav Sharma</createdBy>
<createdTime>2017-09-08 10:38:52 UTC</createdTime>
<generatorID>C1AD49D4-3173-71DE-B5EC-492AB77BDBBF</generatorID>
<ownerDesignName>rm_OracleModel</ownerDesignName>
<useDomainConstraints>false</useDomainConstraints>
<use>1</use>
<logicalDatatype>LOGDT024</logicalDatatype>
<dataTypeSize>10</dataTypeSize>
<ownDataTypeParameters>,,</ownDataTypeParameters>
<previousColumn>false</previousColumn>
<autoIncrementCycle>false</autoIncrementCycle>
<associations>
<colAssociation fkAssociation="914A1E26-9D60-0961-022C-F1BCD0A43E06" referredColumn="93108B4F-D61E-8834-935C-0A41FFDDB5BA"/>
</associations>
</Column>
</columns>
<indexes itemClass="oracle.dbtools.crest.model.design.relational.Index">
<ind_PK_UK id="58FA3D85-BDCD-E27E-21FF-53E87B050B76" name="EVENT_DATA_PK">
<createdBy>Pranav Sharma</createdBy>
<createdTime>2017-09-08 10:20:58 UTC</createdTime>
<generatorID>99EF2F12-EEF9-6CCC-3F06-A08925B422FF</generatorID>
<ownerDesignName>rm_OracleModel</ownerDesignName>
<pk>true</pk>
<indexState>Primary Constraint</indexState>
<isSurrogateKey>false</isSurrogateKey>
<indexColumnUsage>
<colUsage columnID="82AF0D51-F08B-9737-C7FB-ACD0DC2B1A21"/>
</indexColumnUsage>
</ind_PK_UK>
<ind_PK_UK id="9E4F9CE3-2B20-09DE-4840-D5560BE96D0E" name="EVENT_DATA_RUN_MONASH_FK">
<createdBy>Pranav Sharma</createdBy>
<createdTime>2017-09-08 10:20:58 UTC</createdTime>
<generatorID>79CED1D1-C02A-43CF-3755-58E2A7BBD5EF</generatorID>
<ownerDesignName>rm_OracleModel</ownerDesignName>
<indexState>Foreign Key</indexState>
<isSurrogateKey>false</isSurrogateKey>
<indexColumnUsage>
<colUsage columnID="8A023831-7B2B-A814-D1B3-F2B5DDDFFE27"/>
</indexColumnUsage>
</ind_PK_UK>
<ind_PK_UK id="23E9D4EF-12DE-A670-82F9-317EFC0C0B75" name="EVENT_DATA_CARNIVAL_FK">
<createdBy>Pranav Sharma</createdBy>
<createdTime>2017-09-08 10:38:52 UTC</createdTime>
<generatorID>210C5CEB-DE66-BBFF-6F97-D1F84C9291AE</generatorID>
<ownerDesignName>rm_OracleModel</ownerDesignName>
<indexState>Foreign Key</indexState>
<isSurrogateKey>false</isSurrogateKey>
<indexColumnUsage>
<colUsage columnID="ADAF05C4-D646-895E-5F0C-C3145752E7BB"/>
</indexColumnUsage>
</ind_PK_UK>
<ind_PK_UK id="F1BC2C40-B048-65D0-EF6F-A1B924C3D9C3" name="EVENT_DATA_COMPETITOR_FK">
<createdBy>Pranav Sharma</createdBy>
<createdTime>2017-09-08 10:38:52 UTC</createdTime>
<generatorID>9045E3C1-1FE9-7A83-47FD-84ACCE56622C</generatorID>
<ownerDesignName>rm_OracleModel</ownerDesignName>
<indexState>Foreign Key</indexState>
<isSurrogateKey>false</isSurrogateKey>
<indexColumnUsage>
<colUsage columnID="50406049-8A63-66AB-B2C4-629E90F5120F"/>
</indexColumnUsage>
</ind_PK_UK>
</indexes>
</Table>