<?xml version = '1.0' encoding = 'UTF-8'?>
<Table class="oracle.dbtools.crest.model.design.relational.Table" directorySegmentName="seg_0" id="8859DB22-1F53-C1C7-0674-524E7E199696" name="SPONSOR">
<createdBy>Pranav Sharma</createdBy>
<createdTime>2017-09-08 10:20:58 UTC</createdTime>
<generatorID>8EF7CE7E-6D0D-8328-BB51-E8502876209D</generatorID>
<ownerDesignName>rm_OracleModel</ownerDesignName>
<allowColumnReorder>false</allowColumnReorder>
<existDependencyGenerateInDDl>true</existDependencyGenerateInDDl>
<parsed>true</parsed>
<columns itemClass="oracle.dbtools.crest.model.design.relational.Column">
<Column name="SPONPHONE" id="38F4D214-F452-81EA-6F45-316DB65EE51B">
<createdBy>Pranav Sharma</createdBy>
<createdTime>2017-09-08 10:20:58 UTC</createdTime>
<commentInRDBMS>Phone number of the sponsor.</commentInRDBMS>
<generatorID>8D9BD968-3BCC-78F0-E88B-CF47731D12C6</generatorID>
<ownerDesignName>rm_OracleModel</ownerDesignName>
<useDomainConstraints>false</useDomainConstraints>
<use>1</use>
<logicalDatatype>LOGDT024</logicalDatatype>
<dataTypeSize>10</dataTypeSize>
<ownDataTypeParameters>10,,</ownDataTypeParameters>
<autoIncrementCycle>false</autoIncrementCycle>
</Column>
<Column name="NAMESP" id="152C5BF6-7A39-3E9A-E3A7-7C55DD97AAD2">
<createdBy>Pranav Sharma</createdBy>
<createdTime>2017-09-08 10:20:58 UTC</createdTime>
<commentInRDBMS>naming sponsors.</commentInRDBMS>
<generatorID>668EBA0D-4B13-F6D4-048E-CEF12023533A</generatorID>
<ownerDesignName>rm_OracleModel</ownerDesignName>
<nullsAllowed>true</nullsAllowed>
<useDomainConstraints>false</useDomainConstraints>
<use>1</use>
<logicalDatatype>LOGDT024</logicalDatatype>
<dataTypeSize>10</dataTypeSize>
<ownDataTypeParameters>10,,</ownDataTypeParameters>
<autoIncrementCycle>false</autoIncrementCycle>
</Column>
<Column name="CARNIVAL_CARDATE" id="3938E1DE-2115-6826-A94A-DFD16D61B305">
<createdBy>Pranav Sharma</createdBy>
<createdTime>2017-09-08 10:20:58 UTC</createdTime>
<generatorID>FED2FDA1-BA33-211D-E325-7D894CA089CE</generatorID>
<ownerDesignName>rm_OracleModel</ownerDesignName>
<useDomainConstraints>false</useDomainConstraints>
<use>1</use>
<logicalDatatype>LOGDT007</logicalDatatype>
<ownDataTypeParameters>,,</ownDataTypeParameters>
<previousColumn>false</previousColumn>
<autoIncrementCycle>false</autoIncrementCycle>
<associations>
<colAssociation fkAssociation="909CC443-9A02-E6F6-C456-8E9E397A8093" referredColumn="447FCFCF-E033-24B4-19FA-BDC44ADE1AC5"/>
</associations>
</Column>
</columns>
<indexes itemClass="oracle.dbtools.crest.model.design.relational.Index">
<ind_PK_UK id="914F1AFB-5D37-0ACD-B394-B7193E69DB1B" name="SPONSOR_PK">
<createdBy>Pranav Sharma</createdBy>
<createdTime>2017-09-08 10:20:58 UTC</createdTime>
<generatorID>D52D5841-4E47-3E2E-8C3B-8B1F01D44129</generatorID>
<ownerDesignName>rm_OracleModel</ownerDesignName>
<pk>true</pk>
<indexState>Primary Constraint</indexState>
<isSurrogateKey>false</isSurrogateKey>
<indexColumnUsage>
<colUsage columnID="38F4D214-F452-81EA-6F45-316DB65EE51B"/>
</indexColumnUsage>
</ind_PK_UK>
<ind_PK_UK id="C7C241B5-2853-4887-F781-93AAC8C9128E" name="SPONSOR_CARNIVAL_FK">
<createdBy>Pranav Sharma</createdBy>
<createdTime>2017-09-08 10:20:58 UTC</createdTime>
<generatorID>BC9ED724-5248-7EF2-8C28-224A5CD82535</generatorID>
<ownerDesignName>rm_OracleModel</ownerDesignName>
<indexState>Foreign Key</indexState>
<isSurrogateKey>false</isSurrogateKey>
<indexColumnUsage>
<colUsage columnID="3938E1DE-2115-6826-A94A-DFD16D61B305"/>
</indexColumnUsage>
</ind_PK_UK>
</indexes>
</Table>