<?xml version = '1.0' encoding = 'UTF-8'?>
<Table class="oracle.dbtools.crest.model.design.relational.Table" directorySegmentName="seg_0" id="9870C9E8-32D8-8F7A-D8E4-54A2F3713998" name="COMPETITOR">
<createdBy>Pranav Sharma</createdBy>
<createdTime>2017-09-08 10:20:58 UTC</createdTime>
<generatorID>44EB475B-4AA3-4AEC-B973-EAD4A497C56A</generatorID>
<ownerDesignName>rm_OracleModel</ownerDesignName>
<allowColumnReorder>false</allowColumnReorder>
<existDependencyGenerateInDDl>true</existDependencyGenerateInDDl>
<parsed>true</parsed>
<columns itemClass="oracle.dbtools.crest.model.design.relational.Column">
<Column name="COMFNAME" id="16C3F140-6E23-752A-A9E2-6A2D09C69C89">
<createdBy>Pranav Sharma</createdBy>
<createdTime>2017-09-08 10:20:58 UTC</createdTime>
<commentInRDBMS>FIRST NAME ENTERED BY THE COMPETITOR.</commentInRDBMS>
<generatorID>ACFAC2DB-E968-970B-5336-4A2A2DA13D73</generatorID>
<ownerDesignName>rm_OracleModel</ownerDesignName>
<nullsAllowed>true</nullsAllowed>
<useDomainConstraints>false</useDomainConstraints>
<use>1</use>
<logicalDatatype>LOGDT024</logicalDatatype>
<dataTypeSize>10</dataTypeSize>
<ownDataTypeParameters>10,,</ownDataTypeParameters>
<autoIncrementCycle>false</autoIncrementCycle>
</Column>
<Column name="COMLNAME" id="20AD8063-2FAA-475C-9E26-18C756F72330">
<createdBy>Pranav Sharma</createdBy>
<createdTime>2017-09-08 10:20:58 UTC</createdTime>
<commentInRDBMS>LAST NAME ENTERED BY THE COMPETITOR.</commentInRDBMS>
<generatorID>82910ADF-3B4F-3105-AEF8-8F982860DF24</generatorID>
<ownerDesignName>rm_OracleModel</ownerDesignName>
<nullsAllowed>true</nullsAllowed>
<useDomainConstraints>false</useDomainConstraints>
<use>1</use>
<logicalDatatype>LOGDT024</logicalDatatype>
<dataTypeSize>10</dataTypeSize>
<ownDataTypeParameters>10,,</ownDataTypeParameters>
<autoIncrementCycle>false</autoIncrementCycle>
</Column>
<Column name="COMGEN" id="48D0EF5C-5352-AF58-E982-CC3E426970D4">
<createdBy>Pranav Sharma</createdBy>
<createdTime>2017-09-08 10:20:58 UTC</createdTime>
<commentInRDBMS>GENDER OF THE COMPETITOR.</commentInRDBMS>
<generatorID>C7373C4C-11D2-40D9-5637-ABE39E01E487</generatorID>
<ownerDesignName>rm_OracleModel</ownerDesignName>
<nullsAllowed>true</nullsAllowed>
<useDomainConstraints>false</useDomainConstraints>
<use>1</use>
<logicalDatatype>LOGDT025</logicalDatatype>
<dataTypeSize>5</dataTypeSize>
<ownDataTypeParameters>5,,</ownDataTypeParameters>
<autoIncrementCycle>false</autoIncrementCycle>
</Column>
<Column name="COMDOB" id="CD3171CC-2C9A-D520-30CA-D9355EA31D95">
<createdBy>Pranav Sharma</createdBy>
<createdTime>2017-09-08 10:20:58 UTC</createdTime>
<commentInRDBMS>DATE OF BIRTH ADDED TO THE DATABASE.</commentInRDBMS>
<generatorID>227841EA-49C3-0099-198B-4CC087E511E7</generatorID>
<ownerDesignName>rm_OracleModel</ownerDesignName>
<nullsAllowed>true</nullsAllowed>
<useDomainConstraints>false</useDomainConstraints>
<use>1</use>
<logicalDatatype>LOGDT007</logicalDatatype>
<ownDataTypeParameters>,,</ownDataTypeParameters>
<autoIncrementCycle>false</autoIncrementCycle>
</Column>
<Column name="COMEMAIL" id="93108B4F-D61E-8834-935C-0A41FFDDB5BA">
<createdBy>Pranav Sharma</createdBy>
<createdTime>2017-09-08 10:20:58 UTC</createdTime>
<commentInRDBMS>EMAIL VERIED TO BE TAKEN AS A PRIMARY KEY.</commentInRDBMS>
<generatorID>B0911A4C-E8A1-3F0F-5A40-1C63936C53CB</generatorID>
<ownerDesignName>rm_OracleModel</ownerDesignName>
<useDomainConstraints>false</useDomainConstraints>
<use>1</use>
<logicalDatatype>LOGDT024</logicalDatatype>
<dataTypeSize>10</dataTypeSize>
<ownDataTypeParameters>10,,</ownDataTypeParameters>
<autoIncrementCycle>false</autoIncrementCycle>
</Column>
<Column name="COMCONTACT" id="DCF15644-1DB4-4363-3C2F-C64104555BDD">
<createdBy>Pranav Sharma</createdBy>
<createdTime>2017-09-08 10:20:58 UTC</createdTime>
<commentInRDBMS>CONTACT NUMBER FOR COM.</commentInRDBMS>
<generatorID>FAFFDC19-BF8F-42E7-CB2E-5CA97EB9F4EE</generatorID>
<ownerDesignName>rm_OracleModel</ownerDesignName>
<nullsAllowed>true</nullsAllowed>
<useDomainConstraints>false</useDomainConstraints>
<use>1</use>
<logicalDatatype>LOGDT024</logicalDatatype>
<dataTypeSize>10</dataTypeSize>
<ownDataTypeParameters>10,,</ownDataTypeParameters>
<autoIncrementCycle>false</autoIncrementCycle>
</Column>
<Column name="RUN_MONASH_COMNUM" id="CE1A496A-6763-1C09-D333-FA66C8A70DEF">
<createdBy>Pranav Sharma</createdBy>
<createdTime>2017-09-08 10:38:52 UTC</createdTime>
<generatorID>ADC06CF2-3817-D289-6527-26E435463A08</generatorID>
<ownerDesignName>rm_OracleModel</ownerDesignName>
<useDomainConstraints>false</useDomainConstraints>
<use>1</use>
<logicalDatatype>LOGDT019</logicalDatatype>
<ownDataTypeParameters>,,</ownDataTypeParameters>
<previousColumn>false</previousColumn>
<autoIncrementCycle>false</autoIncrementCycle>
<associations>
<colAssociation fkAssociation="2EAC001D-ED8B-5066-DD66-61BBD937C78D" referredColumn="00E049E1-E084-A87E-1F7F-F3923E66CD00"/>
</associations>
</Column>
</columns>
<indexes itemClass="oracle.dbtools.crest.model.design.relational.Index">
<ind_PK_UK id="21B87D1F-F8AD-6193-56A3-120B527D15D3" name="COMPETITOR_PK">
<createdBy>Pranav Sharma</createdBy>
<createdTime>2017-09-08 10:20:58 UTC</createdTime>
<generatorID>71E96348-906E-322F-D11E-5478C40E3D02</generatorID>
<ownerDesignName>rm_OracleModel</ownerDesignName>
<pk>true</pk>
<indexState>Primary Constraint</indexState>
<isSurrogateKey>false</isSurrogateKey>
<indexColumnUsage>
<colUsage columnID="93108B4F-D61E-8834-935C-0A41FFDDB5BA"/>
</indexColumnUsage>
</ind_PK_UK>
<ind_PK_UK id="15164D78-1B74-EA10-4BE2-93B928B3D228" name="COMPETITOR_RUN_MONASH_FK">
<createdBy>Pranav Sharma</createdBy>
<createdTime>2017-09-08 10:38:52 UTC</createdTime>
<generatorID>83E49001-CC89-B743-ECA0-82267ADF12E7</generatorID>
<ownerDesignName>rm_OracleModel</ownerDesignName>
<indexState>Foreign Key</indexState>
<isSurrogateKey>false</isSurrogateKey>
<indexColumnUsage>
<colUsage columnID="CE1A496A-6763-1C09-D333-FA66C8A70DEF"/>
</indexColumnUsage>
</ind_PK_UK>
</indexes>
</Table>