<?xml version = '1.0' encoding = 'UTF-8'?>
<Table class="oracle.dbtools.crest.model.design.relational.Table" directorySegmentName="seg_0" id="A67550FF-5632-F50E-1D43-8557C3DA1A3C" name="ITEM_DETAILS">
<createdBy>Pranav Sharma</createdBy>
<createdTime>2017-09-08 10:20:58 UTC</createdTime>
<generatorID>5FA42D75-5AF3-56BC-19F2-EF9972FE549B</generatorID>
<ownerDesignName>rm_OracleModel</ownerDesignName>
<allowColumnReorder>false</allowColumnReorder>
<existDependencyGenerateInDDl>true</existDependencyGenerateInDDl>
<parsed>true</parsed>
<columns itemClass="oracle.dbtools.crest.model.design.relational.Column">
<Column name="MERCHANDISE_CARDATE" id="B6BC4902-AC3F-A500-D6D9-A784C7B8C558">
<createdBy>Pranav Sharma</createdBy>
<createdTime>2017-09-08 10:20:58 UTC</createdTime>
<generatorID>60B5B00B-05DE-08F2-A300-BDBD0E805237</generatorID>
<ownerDesignName>rm_OracleModel</ownerDesignName>
<useDomainConstraints>false</useDomainConstraints>
<use>1</use>
<logicalDatatype>LOGDT007</logicalDatatype>
<ownDataTypeParameters>,,</ownDataTypeParameters>
<previousColumn>false</previousColumn>
<autoIncrementCycle>false</autoIncrementCycle>
<associations>
<colAssociation fkAssociation="FFD002A9-5EA9-6031-19ED-A08B829B3002" referredColumn="D8102600-0A18-0A2B-99ED-D3FB8CDC3DEE"/>
</associations>
</Column>
<Column name="ITEM_ITCODE" id="D8F60123-0BDB-50E0-5983-9F65B8B68CB7">
<createdBy>Pranav Sharma</createdBy>
<createdTime>2017-09-08 10:20:58 UTC</createdTime>
<generatorID>59E0247E-8273-9030-A8F8-A2709EC42AC0</generatorID>
<ownerDesignName>rm_OracleModel</ownerDesignName>
<useDomainConstraints>false</useDomainConstraints>
<use>1</use>
<logicalDatatype>LOGDT024</logicalDatatype>
<dataTypeSize>10</dataTypeSize>
<ownDataTypeParameters>,,</ownDataTypeParameters>
<previousColumn>false</previousColumn>
<autoIncrementCycle>false</autoIncrementCycle>
<associations>
<colAssociation fkAssociation="73C44BD5-2588-B9A5-DF8B-8EDB9BBCC233" referredColumn="652AF149-0D8B-CE41-77F4-26A703CAA547"/>
</associations>
</Column>
</columns>
<indexes itemClass="oracle.dbtools.crest.model.design.relational.Index">
<ind_PK_UK id="046BE5BF-4F93-0D4B-B04A-D3606BF8B384" name="ITEM_DETAILS_MERCHANDISE_FK">
<createdBy>Pranav Sharma</createdBy>
<createdTime>2017-09-08 10:20:58 UTC</createdTime>
<generatorID>83DD613B-17A4-5A33-27C8-887BBAF64FFD</generatorID>
<ownerDesignName>rm_OracleModel</ownerDesignName>
<indexState>Foreign Key</indexState>
<isSurrogateKey>false</isSurrogateKey>
<indexColumnUsage>
<colUsage columnID="B6BC4902-AC3F-A500-D6D9-A784C7B8C558"/>
</indexColumnUsage>
</ind_PK_UK>
<ind_PK_UK id="34FC2064-E5FC-DC8A-AD50-F43AB08CB68F" name="ITEM_DETAILS_ITEM_FK">
<createdBy>Pranav Sharma</createdBy>
<createdTime>2017-09-08 10:20:58 UTC</createdTime>
<generatorID>10D6604B-BB8A-2141-EB9C-D523B4B26AA8</generatorID>
<ownerDesignName>rm_OracleModel</ownerDesignName>
<indexState>Foreign Key</indexState>
<isSurrogateKey>false</isSurrogateKey>
<indexColumnUsage>
<colUsage columnID="D8F60123-0BDB-50E0-5983-9F65B8B68CB7"/>
</indexColumnUsage>
</ind_PK_UK>
</indexes>
</Table>