<?xml version = '1.0' encoding = 'UTF-8'?>
<Table class="oracle.dbtools.crest.model.design.relational.Table" directorySegmentName="seg_0" id="AAA51D72-409D-F35F-7CB2-2B92461252FB" name="PARENT">
<createdBy>Pranav Sharma</createdBy>
<createdTime>2017-09-08 10:20:58 UTC</createdTime>
<generatorID>6D1FE3A0-E4FA-2D6A-8211-944E4978988B</generatorID>
<ownerDesignName>rm_OracleModel</ownerDesignName>
<allowColumnReorder>false</allowColumnReorder>
<existDependencyGenerateInDDl>true</existDependencyGenerateInDDl>
<parsed>true</parsed>
<columns itemClass="oracle.dbtools.crest.model.design.relational.Column">
<Column name="PGFNAME" id="6C31EBCF-604E-17FB-F21C-CCEE13F1E92B">
<createdBy>Pranav Sharma</createdBy>
<createdTime>2017-09-08 10:20:58 UTC</createdTime>
<commentInRDBMS>FIRST NAME</commentInRDBMS>
<generatorID>C015DA87-E51B-2960-6B3D-5FB2C1CF8692</generatorID>
<ownerDesignName>rm_OracleModel</ownerDesignName>
<nullsAllowed>true</nullsAllowed>
<useDomainConstraints>false</useDomainConstraints>
<use>1</use>
<logicalDatatype>LOGDT024</logicalDatatype>
<dataTypeSize>10</dataTypeSize>
<ownDataTypeParameters>10,,</ownDataTypeParameters>
<autoIncrementCycle>false</autoIncrementCycle>
</Column>
<Column name="PGLNAME" id="ABAB6D62-45E4-B61C-9EF9-C2F1B6C498CA">
<createdBy>Pranav Sharma</createdBy>
<createdTime>2017-09-08 10:20:58 UTC</createdTime>
<commentInRDBMS>LAST NAME</commentInRDBMS>
<generatorID>B22ED203-C736-7A44-2396-8E1554DC2F5A</generatorID>
<ownerDesignName>rm_OracleModel</ownerDesignName>
<nullsAllowed>true</nullsAllowed>
<useDomainConstraints>false</useDomainConstraints>
<use>1</use>
<logicalDatatype>LOGDT024</logicalDatatype>
<dataTypeSize>10</dataTypeSize>
<ownDataTypeParameters>10,,</ownDataTypeParameters>
<autoIncrementCycle>false</autoIncrementCycle>
</Column>
<Column name="CONTACT_PGCONTACT" id="EAD196D9-D650-E7EE-2805-B72130C20771">
<createdBy>Pranav Sharma</createdBy>
<createdTime>2017-09-08 10:20:58 UTC</createdTime>
<generatorID>C393C665-A5C2-1E21-1F07-75DF38DA3D76</generatorID>
<ownerDesignName>rm_OracleModel</ownerDesignName>
<useDomainConstraints>false</useDomainConstraints>
<use>1</use>
<logicalDatatype>LOGDT024</logicalDatatype>
<dataTypeSize>10</dataTypeSize>
<ownDataTypeParameters>,,</ownDataTypeParameters>
<previousColumn>false</previousColumn>
<autoIncrementCycle>false</autoIncrementCycle>
<associations>
<colAssociation fkAssociation="384B7133-AF41-3295-DBB6-427BAD729443" referredColumn="E9169FCD-D942-1B78-9812-974167849131"/>
</associations>
</Column>
</columns>
<indexes itemClass="oracle.dbtools.crest.model.design.relational.Index">
<ind_PK_UK id="5B168A97-6870-7EEE-964D-F87F6AFB304B" name="PARENT_CONTACT_FK">
<createdBy>Pranav Sharma</createdBy>
<createdTime>2017-09-08 10:20:58 UTC</createdTime>
<generatorID>8C7A3CB3-3D85-71B0-2069-84B4448CFC9C</generatorID>
<ownerDesignName>rm_OracleModel</ownerDesignName>
<indexState>Foreign Key</indexState>
<isSurrogateKey>false</isSurrogateKey>
<indexColumnUsage>
<colUsage columnID="EAD196D9-D650-E7EE-2805-B72130C20771"/>
</indexColumnUsage>
</ind_PK_UK>
</indexes>
</Table>