<?xml version = '1.0' encoding = 'UTF-8'?>
<Diagram class="oracle.dbtools.crest.swingui.logical.DPVLogical" name="Logical" id="BA74AA80-9C92-968D-027F-1FB0D0398C56">
<createdBy>Pranav Sharma</createdBy>
<modifiedBy>Pranav Sharma</modifiedBy>
<createdTime>2017-09-08 08:51:03 UTC</createdTime>
<autoRoute>false</autoRoute>
<boxInbox>true</boxInbox>
<showLegend>true</showLegend>
<showLabels>true</showLabels>
<showRelAttributes>false</showRelAttributes>
<gridEnabled>false</gridEnabled>
<showGrid>false</showGrid>
<diagramColor>-1</diagramColor>
<legendPosX>1472</legendPosX>
<legendPosY>421</legendPosY>
<display>false</display>
<notation>2</notation>
<objectViews>
<OView class="oracle.dbtools.crest.swingui.logical.TVEntity" oid="00CBB52E-BD30-4F2D-6318-38AC05F1D587" otype="Entity" vid="00C1E0D7-8591-265F-1CC5-0900B2931519">
<hideElementsInCurrentOnly>false</hideElementsInCurrentOnly>
<bounds x="391" y="125" width="176" height="91"/>
</OView>
<OView class="oracle.dbtools.crest.swingui.logical.TVEntity" oid="0A3C7B2E-0186-4AFD-C69D-41F50449F865" otype="Entity" vid="99BB4B42-7C93-F70C-DFAB-F22AAD522E1C">
<hideElementsInCurrentOnly>false</hideElementsInCurrentOnly>
<bounds x="979" y="155" width="260" height="71"/>
</OView>
<OView class="oracle.dbtools.crest.swingui.TVLegend" oid="39C7C726-2096-E9F7-18A7-B501E5A2BD1A" otype="Legend" vid="3FA7BC71-0649-DD28-4EE0-866C91450840">
<hideElementsInCurrentOnly>false</hideElementsInCurrentOnly>
<bounds x="1472" y="421" width="232" height="135"/>
</OView>
<OView class="oracle.dbtools.crest.swingui.logical.TVEntity" oid="44EB475B-4AA3-4AEC-B973-EAD4A497C56A" otype="Entity" vid="EB299D23-808E-B6AE-09E8-94B40771FA1B">
<hideElementsInCurrentOnly>false</hideElementsInCurrentOnly>
<bounds x="704" y="42" width="204" height="148"/>
</OView>
<OView class="oracle.dbtools.crest.swingui.logical.TVEntity" oid="47393B02-5585-355D-DF83-C1831BDE703A" otype="Entity" vid="EC38A098-A295-19C0-6AB3-62BAE5AC9A19">
<hideElementsInCurrentOnly>false</hideElementsInCurrentOnly>
<bounds x="1012" y="309" width="207" height="110"/>
</OView>
<OView class="oracle.dbtools.crest.swingui.logical.TVEntity" oid="5FA42D75-5AF3-56BC-19F2-EF9972FE549B" otype="Entity" vid="2143A9E2-7D0B-A652-B37C-F0DC47A3756B">
<hideElementsInCurrentOnly>false</hideElementsInCurrentOnly>
<bounds x="1535" y="36" width="170" height="58"/>
</OView>
<OView class="oracle.dbtools.crest.swingui.logical.TVEntity" oid="6D1FE3A0-E4FA-2D6A-8211-944E4978988B" otype="Entity" vid="235933CE-5D3C-5A2A-D506-076FE4AD8122">
<hideElementsInCurrentOnly>false</hideElementsInCurrentOnly>
<bounds x="770" y="469" width="246" height="73"/>
</OView>
<OView class="oracle.dbtools.crest.swingui.logical.TVEntity" oid="6E1A7BAD-89DD-FA27-326E-B083384A37DB" otype="Entity" vid="F838795E-470A-5966-97DF-AD32F60C3AFC">
<hideElementsInCurrentOnly>false</hideElementsInCurrentOnly>
<bounds x="1536" y="164" width="170" height="135"/>
</OView>
<OView class="oracle.dbtools.crest.swingui.logical.TVEntity" oid="879919B3-EEF0-1322-6802-58445EB97632" otype="Entity" vid="C9C1AAF0-ACD5-587D-CD2D-9734BD91A096">
<hideElementsInCurrentOnly>false</hideElementsInCurrentOnly>
<bounds x="719" y="314" width="189" height="98"/>
</OView>
<OView class="oracle.dbtools.crest.swingui.logical.TVEntity" oid="8EF7CE7E-6D0D-8328-BB51-E8502876209D" otype="Entity" vid="9476778E-01ED-F9A5-09A8-EAF1918F4170">
<hideElementsInCurrentOnly>false</hideElementsInCurrentOnly>
<bounds x="5" y="312" width="233" height="110"/>
</OView>
<OView class="oracle.dbtools.crest.swingui.logical.TVEntity" oid="97A055EE-80F9-E1E8-9740-0267CEF93BCF" otype="Entity" vid="DA4A303D-89FE-7241-0C77-62E0B3053C33">
<hideElementsInCurrentOnly>false</hideElementsInCurrentOnly>
<bounds x="1260" y="59" width="191" height="112"/>
</OView>
<OView class="oracle.dbtools.crest.swingui.logical.TVEntity" oid="B0C19904-2789-2A36-C663-43648865150B" otype="Entity" vid="0ABAC15F-CF06-B615-703A-7BD859533564">
<hideElementsInCurrentOnly>false</hideElementsInCurrentOnly>
<bounds x="1276" y="263" width="170" height="61"/>
</OView>
<OView class="oracle.dbtools.crest.swingui.logical.TVEntity" oid="BC36FEEB-479C-4AA5-C5A5-A4C2964BC31D" otype="Entity" vid="0C443B40-118A-74C9-938D-487319D7D0CC">
<hideElementsInCurrentOnly>false</hideElementsInCurrentOnly>
<bounds x="104" y="475" width="168" height="88"/>
</OView>
<OView class="oracle.dbtools.crest.swingui.logical.TVEntity" oid="C3EE9BF8-393F-B476-4DDB-499AD16AF1F8" otype="Entity" vid="D691D441-ABB1-2DE8-A728-43FEC65916F9">
<hideElementsInCurrentOnly>false</hideElementsInCurrentOnly>
<bounds x="1283" y="407" width="170" height="88"/>
</OView>
<OView class="oracle.dbtools.crest.swingui.logical.TVEntity" oid="CB796946-81F9-006A-84D7-9F73AABC89DE" otype="Entity" vid="8ADB1D80-DBC5-72FC-94D0-DE7A7F29A9BC">
<hideElementsInCurrentOnly>false</hideElementsInCurrentOnly>
<bounds x="370" y="305" width="232" height="127"/>
</OView>
<OView class="oracle.dbtools.crest.swingui.logical.TVEntity" oid="DDD8F2F1-57DF-166D-71FF-AFCB4D359F95" otype="Entity" vid="561F4175-ADA8-6859-7489-853A5D268382">
<hideElementsInCurrentOnly>false</hideElementsInCurrentOnly>
<bounds x="79" y="30" width="181" height="135"/>
</OView>
</objectViews>
<connectors>
<Connector class="oracle.dbtools.crest.swingui.logical.TVRelation" oid="0D7B0A2E-101F-3CBA-93A7-635EC57BD27A" otype="Relation" vid_source="EB299D23-808E-B6AE-09E8-94B40771FA1B" vid_target="99BB4B42-7C93-F70C-DFAB-F22AAD522E1C">
<hideElementsInCurrentOnly>false</hideElementsInCurrentOnly>
<lineWidth>1</lineWidth>
<points>
<point x="918" y="190"/>
<point x="979" y="172"/>
</points>
</Connector>
<Connector class="oracle.dbtools.crest.swingui.logical.TVRelation" oid="10D6604B-BB8A-2141-EB9C-D523B4B26AA8" otype="Relation" vid_source="F838795E-470A-5966-97DF-AD32F60C3AFC" vid_target="2143A9E2-7D0B-A652-B37C-F0DC47A3756B">
<hideElementsInCurrentOnly>false</hideElementsInCurrentOnly>
<lineWidth>1</lineWidth>
<points>
<point x="1620" y="164"/>
<point x="1630" y="94"/>
</points>
</Connector>
<Connector class="oracle.dbtools.crest.swingui.logical.TVRelation" oid="210C5CEB-DE66-BBFF-6F97-D1F84C9291AE" otype="Relation" vid_source="8ADB1D80-DBC5-72FC-94D0-DE7A7F29A9BC" vid_target="561F4175-ADA8-6859-7489-853A5D268382">
<hideElementsInCurrentOnly>false</hideElementsInCurrentOnly>
<lineWidth>1</lineWidth>
<points>
<point x="370" y="358"/>
<point x="172" y="165"/>
</points>
</Connector>
<Connector class="oracle.dbtools.crest.swingui.logical.TVRelation" oid="44D69924-8D2A-820C-444C-578ADCF5CB8E" otype="Relation" vid_source="DA4A303D-89FE-7241-0C77-62E0B3053C33" vid_target="0ABAC15F-CF06-B615-703A-7BD859533564">
<hideElementsInCurrentOnly>false</hideElementsInCurrentOnly>
<lineWidth>1</lineWidth>
<points>
<point x="1358" y="171"/>
<point x="1361" y="263"/>
</points>
</Connector>
<Connector class="oracle.dbtools.crest.swingui.logical.TVRelation" oid="79CED1D1-C02A-43CF-3755-58E2A7BBD5EF" otype="Relation" vid_source="00C1E0D7-8591-265F-1CC5-0900B2931519" vid_target="561F4175-ADA8-6859-7489-853A5D268382">
<hideElementsInCurrentOnly>false</hideElementsInCurrentOnly>
<lineWidth>1</lineWidth>
<points>
<point x="391" y="144"/>
<point x="260" y="145"/>
</points>
</Connector>
<Connector class="oracle.dbtools.crest.swingui.logical.TVRelation" oid="83D363DE-183A-BB43-B5FC-059B0E8D6C58" otype="Relation" vid_source="EC38A098-A295-19C0-6AB3-62BAE5AC9A19" vid_target="C9C1AAF0-ACD5-587D-CD2D-9734BD91A096">
<hideElementsInCurrentOnly>false</hideElementsInCurrentOnly>
<lineWidth>1</lineWidth>
<points>
<point x="1012" y="363"/>
<point x="908" y="363"/>
</points>
</Connector>
<Connector class="oracle.dbtools.crest.swingui.logical.TVRelation" oid="83DD613B-17A4-5A33-27C8-887BBAF64FFD" otype="Relation" vid_source="DA4A303D-89FE-7241-0C77-62E0B3053C33" vid_target="2143A9E2-7D0B-A652-B37C-F0DC47A3756B">
<hideElementsInCurrentOnly>false</hideElementsInCurrentOnly>
<lineWidth>1</lineWidth>
<points>
<point x="1451" y="76"/>
<point x="1535" y="76"/>
</points>
</Connector>
<Connector class="oracle.dbtools.crest.swingui.logical.TVRelation" oid="83E49001-CC89-B743-ECA0-82267ADF12E7" otype="Relation" vid_source="00C1E0D7-8591-265F-1CC5-0900B2931519" vid_target="EB299D23-808E-B6AE-09E8-94B40771FA1B">
<hideElementsInCurrentOnly>false</hideElementsInCurrentOnly>
<lineWidth>1</lineWidth>
<points>
<point x="567" y="157"/>
<point x="704" y="157"/>
</points>
</Connector>
<Connector class="oracle.dbtools.crest.swingui.logical.TVRelation" oid="8535F172-162B-0BAD-721D-0C546C26C802" otype="Relation" vid_source="EB299D23-808E-B6AE-09E8-94B40771FA1B" vid_target="C9C1AAF0-ACD5-587D-CD2D-9734BD91A096">
<hideElementsInCurrentOnly>false</hideElementsInCurrentOnly>
<lineWidth>1</lineWidth>
<points>
<point x="808" y="253"/>
<point x="813" y="314"/>
</points>
</Connector>
<Connector class="oracle.dbtools.crest.swingui.logical.TVRelation" oid="8C7A3CB3-3D85-71B0-2069-84B4448CFC9C" otype="Relation" vid_source="C9C1AAF0-ACD5-587D-CD2D-9734BD91A096" vid_target="235933CE-5D3C-5A2A-D506-076FE4AD8122">
<hideElementsInCurrentOnly>false</hideElementsInCurrentOnly>
<lineWidth>1</lineWidth>
<points>
<point x="839" y="412"/>
<point x="839" y="469"/>
</points>
</Connector>
<Connector class="oracle.dbtools.crest.swingui.logical.TVRelation" oid="9045E3C1-1FE9-7A83-47FD-84ACCE56622C" otype="Relation" vid_source="EB299D23-808E-B6AE-09E8-94B40771FA1B" vid_target="561F4175-ADA8-6859-7489-853A5D268382">
<hideElementsInCurrentOnly>false</hideElementsInCurrentOnly>
<lineWidth>1</lineWidth>
<points>
<point x="714" y="106"/>
<point x="260" y="103"/>
</points>
</Connector>
<Connector class="oracle.dbtools.crest.swingui.logical.TVRelation" oid="BC9ED724-5248-7EF2-8C28-224A5CD82535" otype="Relation" vid_source="8ADB1D80-DBC5-72FC-94D0-DE7A7F29A9BC" vid_target="9476778E-01ED-F9A5-09A8-EAF1918F4170">
<hideElementsInCurrentOnly>false</hideElementsInCurrentOnly>
<lineWidth>1</lineWidth>
<points>
<point x="370" y="377"/>
<point x="324" y="377"/>
</points>
</Connector>
<Connector class="oracle.dbtools.crest.swingui.logical.TVRelation" oid="CA7B5761-8DF6-3DDA-DD79-D784B185CD8F" otype="Relation" vid_source="9476778E-01ED-F9A5-09A8-EAF1918F4170" vid_target="0C443B40-118A-74C9-938D-487319D7D0CC">
<hideElementsInCurrentOnly>false</hideElementsInCurrentOnly>
<lineWidth>1</lineWidth>
<points>
<point x="182" y="422"/>
<point x="171" y="475"/>
</points>
</Connector>
<Connector class="oracle.dbtools.crest.swingui.logical.TVRelation" oid="D54C69ED-9940-8E1D-8E82-AF57410EE827" otype="Relation" vid_source="EB299D23-808E-B6AE-09E8-94B40771FA1B" vid_target="DA4A303D-89FE-7241-0C77-62E0B3053C33">
<hideElementsInCurrentOnly>false</hideElementsInCurrentOnly>
<lineWidth>1</lineWidth>
<points>
<point x="918" y="138"/>
<point x="1260" y="115"/>
</points>
</Connector>
<Connector class="oracle.dbtools.crest.swingui.logical.TVRelation" oid="DD3BA3C8-0651-8956-04AF-BB127AFD8FDF" otype="Relation" vid_source="00C1E0D7-8591-265F-1CC5-0900B2931519" vid_target="8ADB1D80-DBC5-72FC-94D0-DE7A7F29A9BC">
<hideElementsInCurrentOnly>false</hideElementsInCurrentOnly>
<lineWidth>1</lineWidth>
<points>
<point x="473" y="216"/>
<point x="479" y="305"/>
</points>
</Connector>
<Connector class="oracle.dbtools.crest.swingui.logical.TVRelation" oid="FDFEF9F8-7CDE-C97C-F5E0-9078E9545C69" otype="Relation" vid_source="D691D441-ABB1-2DE8-A728-43FEC65916F9" vid_target="0ABAC15F-CF06-B615-703A-7BD859533564">
<hideElementsInCurrentOnly>false</hideElementsInCurrentOnly>
<lineWidth>1</lineWidth>
<points>
<point x="1364" y="407"/>
<point x="1364" y="324"/>
</points>
</Connector>
</connectors>
</Diagram>