<?xml version = '1.0' encoding = 'UTF-8'?>
<FKIndexAssociation class="oracle.dbtools.crest.model.design.relational.FKIndexAssociation" directorySegmentName="seg_0" id="0C108844-0E22-7822-CB66-C9C72C69C3CD" containerWithKeyObject="9D5749E7-4DDB-720D-83BC-49DF97C9BEA1" localFKIndex="2ACC8C99-698B-7A47-B634-B428F45C004D" name="SPONSOR_INFO_SPONSOR_FK">
<createdBy>Pranav Sharma</createdBy>
<createdTime>2017-09-08 10:20:58 UTC</createdTime>
<generatorID>CA7B5761-8DF6-3DDA-DD79-D784B185CD8F</generatorID>
<ownerDesignName>rm_OracleModel</ownerDesignName>
<deleteRule>NO ACTION</deleteRule>
<referredTableID>8859DB22-1F53-C1C7-0674-524E7E199696</referredTableID>
<keyObject>914F1AFB-5D37-0ACD-B394-B7193E69DB1B</keyObject>
<referredKeyID>914F1AFB-5D37-0ACD-B394-B7193E69DB1B</referredKeyID>
<mandatory>true</mandatory>
<transferable>true</transferable>
<rely>false</rely>
<columnDependencyConstraintGenerateInDDL>true</columnDependencyConstraintGenerateInDDL>
</FKIndexAssociation>