<?xml version = '1.0' encoding = 'UTF-8'?>
<FKIndexAssociation class="oracle.dbtools.crest.model.design.relational.FKIndexAssociation" directorySegmentName="seg_0" id="2E0915BD-27E4-0F36-280D-8675FE173358" containerWithKeyObject="6847859C-D536-5A5C-8EB6-68D1D2261440" localFKIndex="9E4F9CE3-2B20-09DE-4840-D5560BE96D0E" name="EVENT_DATA_RUN_MONASH_FK">
<createdBy>Pranav Sharma</createdBy>
<createdTime>2017-09-08 10:20:58 UTC</createdTime>
<generatorID>79CED1D1-C02A-43CF-3755-58E2A7BBD5EF</generatorID>
<ownerDesignName>rm_OracleModel</ownerDesignName>
<deleteRule>NO ACTION</deleteRule>
<referredTableID>4178CFE8-23E6-5516-5D5A-850B1F04A6B1</referredTableID>
<keyObject>51F3BB90-0C38-7AF2-8996-528E1A87D04C</keyObject>
<referredKeyID>51F3BB90-0C38-7AF2-8996-528E1A87D04C</referredKeyID>
<mandatory>true</mandatory>
<transferable>true</transferable>
<rely>false</rely>
<columnDependencyConstraintGenerateInDDL>true</columnDependencyConstraintGenerateInDDL>
</FKIndexAssociation>