<?xml version = '1.0' encoding = 'UTF-8'?>
<FKIndexAssociation class="oracle.dbtools.crest.model.design.relational.FKIndexAssociation" directorySegmentName="seg_0" id="2EAC001D-ED8B-5066-DD66-61BBD937C78D" containerWithKeyObject="9870C9E8-32D8-8F7A-D8E4-54A2F3713998" localFKIndex="15164D78-1B74-EA10-4BE2-93B928B3D228" name="COMPETITOR_RUN_MONASH_FK">
<createdBy>Pranav Sharma</createdBy>
<createdTime>2017-09-08 10:38:52 UTC</createdTime>
<generatorID>83E49001-CC89-B743-ECA0-82267ADF12E7</generatorID>
<ownerDesignName>rm_OracleModel</ownerDesignName>
<deleteRule>NO ACTION</deleteRule>
<referredTableID>4178CFE8-23E6-5516-5D5A-850B1F04A6B1</referredTableID>
<keyObject>51F3BB90-0C38-7AF2-8996-528E1A87D04C</keyObject>
<referredKeyID>51F3BB90-0C38-7AF2-8996-528E1A87D04C</referredKeyID>
<mandatory>true</mandatory>
<transferable>true</transferable>
<rely>false</rely>
<columnDependencyConstraintGenerateInDDL>true</columnDependencyConstraintGenerateInDDL>
</FKIndexAssociation>