<?xml version = '1.0' encoding = 'UTF-8'?>
<FKIndexAssociation class="oracle.dbtools.crest.model.design.relational.FKIndexAssociation" directorySegmentName="seg_0" id="36DFC090-2E66-793E-6699-E150D2C6A714" containerWithKeyObject="CE922273-CC9C-43F0-D1EA-C4A956DDFBC0" localFKIndex="43535C9B-9349-A610-EDE5-849177D5A0EB" name="CARNIVAL_RUN_MONASH_FK">
<createdBy>Pranav Sharma</createdBy>
<createdTime>2017-09-08 10:38:52 UTC</createdTime>
<generatorID>DD3BA3C8-0651-8956-04AF-BB127AFD8FDF</generatorID>
<ownerDesignName>rm_OracleModel</ownerDesignName>
<deleteRule>NO ACTION</deleteRule>
<referredTableID>4178CFE8-23E6-5516-5D5A-850B1F04A6B1</referredTableID>
<keyObject>51F3BB90-0C38-7AF2-8996-528E1A87D04C</keyObject>
<referredKeyID>51F3BB90-0C38-7AF2-8996-528E1A87D04C</referredKeyID>
<mandatory>true</mandatory>
<transferable>true</transferable>
<rely>false</rely>
<columnDependencyConstraintGenerateInDDL>true</columnDependencyConstraintGenerateInDDL>
</FKIndexAssociation>