<?xml version = '1.0' encoding = 'UTF-8'?>
<FKIndexAssociation class="oracle.dbtools.crest.model.design.relational.FKIndexAssociation" directorySegmentName="seg_0" id="384B7133-AF41-3295-DBB6-427BAD729443" containerWithKeyObject="AAA51D72-409D-F35F-7CB2-2B92461252FB" localFKIndex="5B168A97-6870-7EEE-964D-F87F6AFB304B" name="PARENT_CONTACT_FK">
<createdBy>Pranav Sharma</createdBy>
<createdTime>2017-09-08 10:20:58 UTC</createdTime>
<generatorID>8C7A3CB3-3D85-71B0-2069-84B4448CFC9C</generatorID>
<ownerDesignName>rm_OracleModel</ownerDesignName>
<deleteRule>NO ACTION</deleteRule>
<referredTableID>0F90670B-8141-7D82-3E40-9D7B19B035D5</referredTableID>
<keyObject>4F6AEE11-C401-5498-DCCD-FFDC2667F606</keyObject>
<referredKeyID>4F6AEE11-C401-5498-DCCD-FFDC2667F606</referredKeyID>
<mandatory>true</mandatory>
<transferable>true</transferable>
<rely>false</rely>
<columnDependencyConstraintGenerateInDDL>true</columnDependencyConstraintGenerateInDDL>
</FKIndexAssociation>