<?xml version = '1.0' encoding = 'UTF-8'?>
<FKIndexAssociation class="oracle.dbtools.crest.model.design.relational.FKIndexAssociation" directorySegmentName="seg_0" id="3E36FC9E-AD9E-06F4-EF31-0938CFCBB617" containerWithKeyObject="6847859C-D536-5A5C-8EB6-68D1D2261440" localFKIndex="23E9D4EF-12DE-A670-82F9-317EFC0C0B75" name="EVENT_DATA_CARNIVAL_FK">
<createdBy>Pranav Sharma</createdBy>
<createdTime>2017-09-08 10:38:52 UTC</createdTime>
<generatorID>210C5CEB-DE66-BBFF-6F97-D1F84C9291AE</generatorID>
<ownerDesignName>rm_OracleModel</ownerDesignName>
<deleteRule>NO ACTION</deleteRule>
<referredTableID>CE922273-CC9C-43F0-D1EA-C4A956DDFBC0</referredTableID>
<keyObject>37C1B226-859D-0D54-F088-7F994DFF6C52</keyObject>
<referredKeyID>37C1B226-859D-0D54-F088-7F994DFF6C52</referredKeyID>
<mandatory>true</mandatory>
<transferable>true</transferable>
<rely>false</rely>
<columnDependencyConstraintGenerateInDDL>true</columnDependencyConstraintGenerateInDDL>
</FKIndexAssociation>