<?xml version = '1.0' encoding = 'UTF-8'?>
<FKIndexAssociation class="oracle.dbtools.crest.model.design.relational.FKIndexAssociation" directorySegmentName="seg_0" id="4D407BA1-1ED2-8180-7D81-645AB1B427A6" containerWithKeyObject="0F90670B-8141-7D82-3E40-9D7B19B035D5" localFKIndex="5E7E7969-AC45-A769-4D29-F439B6D012DF" name="CONTACT_EMER_CONTACT_FK">
<createdBy>Pranav Sharma</createdBy>
<createdTime>2017-09-08 10:20:58 UTC</createdTime>
<generatorID>83D363DE-183A-BB43-B5FC-059B0E8D6C58</generatorID>
<ownerDesignName>rm_OracleModel</ownerDesignName>
<deleteRule>NO ACTION</deleteRule>
<referredTableID>5A9AF4BE-86E0-E6EC-084B-73D0C095F19F</referredTableID>
<keyObject>35B8780E-C031-79E8-5B66-56ED496AC269</keyObject>
<referredKeyID>35B8780E-C031-79E8-5B66-56ED496AC269</referredKeyID>
<mandatory>true</mandatory>
<transferable>true</transferable>
<rely>false</rely>
<columnDependencyConstraintGenerateInDDL>true</columnDependencyConstraintGenerateInDDL>
</FKIndexAssociation>