<?xml version = '1.0' encoding = 'UTF-8'?>
<FKIndexAssociation class="oracle.dbtools.crest.model.design.relational.FKIndexAssociation" directorySegmentName="seg_0" id="66846349-49CA-7334-2BA3-C94890775CE6" containerWithKeyObject="50F8F58E-E793-C763-82D6-5803B6A9604D" localFKIndex="BAD1990E-2EE8-24C1-8A89-CF01E82FC8E9" name="ORDER_DETAILS_ORDER_FK">
<createdBy>Pranav Sharma</createdBy>
<createdTime>2017-09-08 10:20:58 UTC</createdTime>
<generatorID>FDFEF9F8-7CDE-C97C-F5E0-9078E9545C69</generatorID>
<ownerDesignName>rm_OracleModel</ownerDesignName>
<deleteRule>NO ACTION</deleteRule>
<referredTableID>B21DDF5D-4A64-3C69-EF2B-DD6405CE1D11</referredTableID>
<keyObject>B06B6685-F701-BAE6-6F46-C2A557142C75</keyObject>
<referredKeyID>B06B6685-F701-BAE6-6F46-C2A557142C75</referredKeyID>
<mandatory>true</mandatory>
<transferable>true</transferable>
<rely>false</rely>
<columnDependencyConstraintGenerateInDDL>true</columnDependencyConstraintGenerateInDDL>
</FKIndexAssociation>