<?xml version = '1.0' encoding = 'UTF-8'?>
<FKIndexAssociation class="oracle.dbtools.crest.model.design.relational.FKIndexAssociation" directorySegmentName="seg_0" id="73C44BD5-2588-B9A5-DF8B-8EDB9BBCC233" containerWithKeyObject="A67550FF-5632-F50E-1D43-8557C3DA1A3C" localFKIndex="34FC2064-E5FC-DC8A-AD50-F43AB08CB68F" name="ITEM_DETAILS_ITEM_FK">
<createdBy>Pranav Sharma</createdBy>
<createdTime>2017-09-08 10:20:58 UTC</createdTime>
<generatorID>10D6604B-BB8A-2141-EB9C-D523B4B26AA8</generatorID>
<ownerDesignName>rm_OracleModel</ownerDesignName>
<deleteRule>NO ACTION</deleteRule>
<referredTableID>743B1DEC-2E78-AF25-C8E7-F910409394FC</referredTableID>
<keyObject>DF3A013C-CED3-EA7B-11F5-6808822C0BCB</keyObject>
<referredKeyID>DF3A013C-CED3-EA7B-11F5-6808822C0BCB</referredKeyID>
<mandatory>true</mandatory>
<transferable>true</transferable>
<rely>false</rely>
<columnDependencyConstraintGenerateInDDL>true</columnDependencyConstraintGenerateInDDL>
</FKIndexAssociation>