<?xml version = '1.0' encoding = 'UTF-8'?>
<FKIndexAssociation class="oracle.dbtools.crest.model.design.relational.FKIndexAssociation" directorySegmentName="seg_0" id="909CC443-9A02-E6F6-C456-8E9E397A8093" containerWithKeyObject="8859DB22-1F53-C1C7-0674-524E7E199696" localFKIndex="C7C241B5-2853-4887-F781-93AAC8C9128E" name="SPONSOR_CARNIVAL_FK">
<createdBy>Pranav Sharma</createdBy>
<createdTime>2017-09-08 10:20:58 UTC</createdTime>
<generatorID>BC9ED724-5248-7EF2-8C28-224A5CD82535</generatorID>
<ownerDesignName>rm_OracleModel</ownerDesignName>
<deleteRule>NO ACTION</deleteRule>
<referredTableID>CE922273-CC9C-43F0-D1EA-C4A956DDFBC0</referredTableID>
<keyObject>37C1B226-859D-0D54-F088-7F994DFF6C52</keyObject>
<referredKeyID>37C1B226-859D-0D54-F088-7F994DFF6C52</referredKeyID>
<mandatory>true</mandatory>
<transferable>true</transferable>
<rely>false</rely>
<columnDependencyConstraintGenerateInDDL>true</columnDependencyConstraintGenerateInDDL>
</FKIndexAssociation>