<?xml version = '1.0' encoding = 'UTF-8'?>
<FKIndexAssociation class="oracle.dbtools.crest.model.design.relational.FKIndexAssociation" directorySegmentName="seg_0" id="914A1E26-9D60-0961-022C-F1BCD0A43E06" containerWithKeyObject="6847859C-D536-5A5C-8EB6-68D1D2261440" localFKIndex="F1BC2C40-B048-65D0-EF6F-A1B924C3D9C3" name="EVENT_DATA_COMPETITOR_FK">
<createdBy>Pranav Sharma</createdBy>
<createdTime>2017-09-08 10:38:52 UTC</createdTime>
<generatorID>9045E3C1-1FE9-7A83-47FD-84ACCE56622C</generatorID>
<ownerDesignName>rm_OracleModel</ownerDesignName>
<deleteRule>NO ACTION</deleteRule>
<referredTableID>9870C9E8-32D8-8F7A-D8E4-54A2F3713998</referredTableID>
<keyObject>21B87D1F-F8AD-6193-56A3-120B527D15D3</keyObject>
<referredKeyID>21B87D1F-F8AD-6193-56A3-120B527D15D3</referredKeyID>
<mandatory>true</mandatory>
<transferable>true</transferable>
<rely>false</rely>
<columnDependencyConstraintGenerateInDDL>true</columnDependencyConstraintGenerateInDDL>
</FKIndexAssociation>