<?xml version = '1.0' encoding = 'UTF-8'?>
<FKIndexAssociation class="oracle.dbtools.crest.model.design.relational.FKIndexAssociation" directorySegmentName="seg_0" id="A61319F6-704D-E661-08C1-C0CA6C1ADB6A" containerWithKeyObject="55DB4E54-3769-172B-0A4D-0BDDF4E7E09F" localFKIndex="21D971E8-E478-7D7A-C26C-21BD9E3EB407" name="INFORMATION_COMPETITOR_FK">
<createdBy>Pranav Sharma</createdBy>
<createdTime>2017-09-08 10:20:58 UTC</createdTime>
<generatorID>0D7B0A2E-101F-3CBA-93A7-635EC57BD27A</generatorID>
<ownerDesignName>rm_OracleModel</ownerDesignName>
<deleteRule>NO ACTION</deleteRule>
<referredTableID>9870C9E8-32D8-8F7A-D8E4-54A2F3713998</referredTableID>
<keyObject>21B87D1F-F8AD-6193-56A3-120B527D15D3</keyObject>
<referredKeyID>21B87D1F-F8AD-6193-56A3-120B527D15D3</referredKeyID>
<mandatory>true</mandatory>
<transferable>true</transferable>
<rely>false</rely>
<columnDependencyConstraintGenerateInDDL>true</columnDependencyConstraintGenerateInDDL>
</FKIndexAssociation>