<?xml version = '1.0' encoding = 'UTF-8'?>
<FKIndexAssociation class="oracle.dbtools.crest.model.design.relational.FKIndexAssociation" directorySegmentName="seg_0" id="AA120B51-A86B-CBCC-0D0A-947D97A92EDF" containerWithKeyObject="50F8F58E-E793-C763-82D6-5803B6A9604D" localFKIndex="F6A64CAE-ED05-F327-7990-2EFCA7E75D9F" name="ORDER_DETAILS_MERCHANDISE_FK">
<createdBy>Pranav Sharma</createdBy>
<createdTime>2017-09-08 10:20:58 UTC</createdTime>
<generatorID>44D69924-8D2A-820C-444C-578ADCF5CB8E</generatorID>
<ownerDesignName>rm_OracleModel</ownerDesignName>
<deleteRule>NO ACTION</deleteRule>
<referredTableID>175E6A2A-F175-19E5-1778-E803F65E129C</referredTableID>
<keyObject>A8D0698A-F437-8EE6-D0D8-FC8E317E4F60</keyObject>
<referredKeyID>A8D0698A-F437-8EE6-D0D8-FC8E317E4F60</referredKeyID>
<mandatory>true</mandatory>
<transferable>true</transferable>
<rely>false</rely>
<columnDependencyConstraintGenerateInDDL>true</columnDependencyConstraintGenerateInDDL>
</FKIndexAssociation>