<?xml version = '1.0' encoding = 'UTF-8'?>
<FKIndexAssociation class="oracle.dbtools.crest.model.design.relational.FKIndexAssociation" directorySegmentName="seg_0" id="B427BF98-9EA2-2E73-32F6-4C671090C2CB" containerWithKeyObject="0F90670B-8141-7D82-3E40-9D7B19B035D5" localFKIndex="0FB8E1AD-9223-6DBD-B7FA-35044A340518" name="CONTACT_COMPETITOR_FK">
<createdBy>Pranav Sharma</createdBy>
<createdTime>2017-09-08 10:20:58 UTC</createdTime>
<generatorID>8535F172-162B-0BAD-721D-0C546C26C802</generatorID>
<ownerDesignName>rm_OracleModel</ownerDesignName>
<deleteRule>NO ACTION</deleteRule>
<referredTableID>9870C9E8-32D8-8F7A-D8E4-54A2F3713998</referredTableID>
<keyObject>21B87D1F-F8AD-6193-56A3-120B527D15D3</keyObject>
<referredKeyID>21B87D1F-F8AD-6193-56A3-120B527D15D3</referredKeyID>
<mandatory>true</mandatory>
<transferable>true</transferable>
<rely>false</rely>
<columnDependencyConstraintGenerateInDDL>true</columnDependencyConstraintGenerateInDDL>
</FKIndexAssociation>