<?xml version = '1.0' encoding = 'UTF-8'?>
<FKIndexAssociation class="oracle.dbtools.crest.model.design.relational.FKIndexAssociation" directorySegmentName="seg_0" id="BD66F7C8-7AC5-8F94-3D28-11C2C5474DF4" containerWithKeyObject="175E6A2A-F175-19E5-1778-E803F65E129C" localFKIndex="800DAE57-CEC8-CD52-EC06-99017A5692D7" name="MERCHANDISE_COMPETITOR_FK">
<createdBy>Pranav Sharma</createdBy>
<createdTime>2017-09-08 10:38:52 UTC</createdTime>
<generatorID>D54C69ED-9940-8E1D-8E82-AF57410EE827</generatorID>
<ownerDesignName>rm_OracleModel</ownerDesignName>
<deleteRule>NO ACTION</deleteRule>
<referredTableID>9870C9E8-32D8-8F7A-D8E4-54A2F3713998</referredTableID>
<keyObject>21B87D1F-F8AD-6193-56A3-120B527D15D3</keyObject>
<referredKeyID>21B87D1F-F8AD-6193-56A3-120B527D15D3</referredKeyID>
<mandatory>true</mandatory>
<transferable>true</transferable>
<rely>false</rely>
<columnDependencyConstraintGenerateInDDL>true</columnDependencyConstraintGenerateInDDL>
</FKIndexAssociation>