<?xml version = '1.0' encoding = 'UTF-8'?>
<FKIndexAssociation class="oracle.dbtools.crest.model.design.relational.FKIndexAssociation" directorySegmentName="seg_0" id="FFD002A9-5EA9-6031-19ED-A08B829B3002" containerWithKeyObject="A67550FF-5632-F50E-1D43-8557C3DA1A3C" localFKIndex="046BE5BF-4F93-0D4B-B04A-D3606BF8B384" name="ITEM_DETAILS_MERCHANDISE_FK">
<createdBy>Pranav Sharma</createdBy>
<createdTime>2017-09-08 10:20:58 UTC</createdTime>
<generatorID>83DD613B-17A4-5A33-27C8-887BBAF64FFD</generatorID>
<ownerDesignName>rm_OracleModel</ownerDesignName>
<deleteRule>NO ACTION</deleteRule>
<referredTableID>175E6A2A-F175-19E5-1778-E803F65E129C</referredTableID>
<keyObject>A8D0698A-F437-8EE6-D0D8-FC8E317E4F60</keyObject>
<referredKeyID>A8D0698A-F437-8EE6-D0D8-FC8E317E4F60</referredKeyID>
<mandatory>true</mandatory>
<transferable>true</transferable>
<rely>false</rely>
<columnDependencyConstraintGenerateInDDL>true</columnDependencyConstraintGenerateInDDL>
</FKIndexAssociation>