<?xml version = '1.0' encoding = 'UTF-8'?>
<Entity class="oracle.dbtools.crest.model.design.logical.Entity" directorySegmentName="seg_0" id="00CBB52E-BD30-4F2D-6318-38AC05F1D587" name="RUN MONASH">
<createdBy>Pranav Sharma</createdBy>
<createdTime>2017-09-08 09:02:38 UTC</createdTime>
<ownerDesignName>rm_OracleModel</ownerDesignName>
<engineerTo>
<item key="04894FAC-E68A-627E-8FA1-152144DB090A" value="true"/>
</engineerTo>
<adequatelyNormalized>NO</adequatelyNormalized>
<expectedVolumes>0</expectedVolumes>
<fwdEngineeringStrategyName>Single Table</fwdEngineeringStrategyName>
<growthPercent>0</growthPercent>
<growthType>Year</growthType>
<maxVolumes>9999999</maxVolumes>
<minVolumes>0</minVolumes>
<normalForm>Third</normalForm>
<attributes itemClass="oracle.dbtools.crest.model.design.logical.Attribute">
<Attribute name="COMNUM" id="D6815179-28F3-C481-FEB1-460D0F2FAC63">
<createdBy>Pranav Sharma</createdBy>
<createdTime>2017-09-08 09:03:15 UTC</createdTime>
<commentInRDBMS>Competitor number in run monash.</commentInRDBMS>
<ownerDesignName>rm_OracleModel</ownerDesignName>
<engineerTo>
<item key="04894FAC-E68A-627E-8FA1-152144DB090A" value="true"/>
</engineerTo>
<useDomainConstraints>false</useDomainConstraints>
<use>1</use>
<logicalDatatype>LOGDT019</logicalDatatype>
<ownDataTypeParameters>,,</ownDataTypeParameters>
</Attribute>
<Attribute name="FNAME" id="964A2042-60F0-E007-B767-24BDF191EA06">
<createdBy>Pranav Sharma</createdBy>
<createdTime>2017-09-08 09:03:16 UTC</createdTime>
<commentInRDBMS>First name for the competitor.</commentInRDBMS>
<ownerDesignName>rm_OracleModel</ownerDesignName>
<engineerTo>
<item key="04894FAC-E68A-627E-8FA1-152144DB090A" value="true"/>
</engineerTo>
<nullsAllowed>true</nullsAllowed>
<useDomainConstraints>false</useDomainConstraints>
<use>1</use>
<logicalDatatype>LOGDT024</logicalDatatype>
<dataTypeSize>10</dataTypeSize>
<ownDataTypeParameters>10,,</ownDataTypeParameters>
</Attribute>
<Attribute name="LNAME" id="81C279E9-282A-B678-D401-36DE8FDCD62D">
<createdBy>Pranav Sharma</createdBy>
<createdTime>2017-09-08 09:03:16 UTC</createdTime>
<commentInRDBMS>Last name for the competitor.</commentInRDBMS>
<ownerDesignName>rm_OracleModel</ownerDesignName>
<engineerTo>
<item key="04894FAC-E68A-627E-8FA1-152144DB090A" value="true"/>
</engineerTo>
<nullsAllowed>true</nullsAllowed>
<useDomainConstraints>false</useDomainConstraints>
<use>1</use>
<logicalDatatype>LOGDT024</logicalDatatype>
<dataTypeSize>10</dataTypeSize>
<ownDataTypeParameters>10,,</ownDataTypeParameters>
</Attribute>
</attributes>
<identifiers itemClass="oracle.dbtools.crest.model.design.logical.CandidateKey">
<identifier id="593D840E-DEAD-FEC0-20BC-8777B404F135" name="RUN_MONASH_PK">
<createdBy>Pranav Sharma</createdBy>
<createdTime>2017-09-08 09:05:39 UTC</createdTime>
<ownerDesignName>rm_OracleModel</ownerDesignName>
<shouldEngineer>false</shouldEngineer>
<engineerTo>
<item key="04894FAC-E68A-627E-8FA1-152144DB090A" value="false"/>
</engineerTo>
<pk>true</pk>
<usedAttributes>
<attributeRef>D6815179-28F3-C481-FEB1-460D0F2FAC63</attributeRef>
</usedAttributes>
</identifier>
</identifiers>
</Entity>