<?xml version = '1.0' encoding = 'UTF-8'?>
<Entity class="oracle.dbtools.crest.model.design.logical.Entity" directorySegmentName="seg_0" id="0A3C7B2E-0186-4AFD-C69D-41F50449F865" name="INFORMATION">
<createdBy>Pranav Sharma</createdBy>
<createdTime>2017-09-08 09:52:04 UTC</createdTime>
<ownerDesignName>rm_OracleModel</ownerDesignName>
<engineerTo>
<item key="04894FAC-E68A-627E-8FA1-152144DB090A" value="true"/>
</engineerTo>
<adequatelyNormalized>NO</adequatelyNormalized>
<expectedVolumes>0</expectedVolumes>
<fwdEngineeringStrategyName>Single Table</fwdEngineeringStrategyName>
<growthPercent>0</growthPercent>
<growthType>Year</growthType>
<maxVolumes>9999999</maxVolumes>
<minVolumes>0</minVolumes>
<normalForm>Third</normalForm>
<attributes itemClass="oracle.dbtools.crest.model.design.logical.Attribute">
<Attribute name="COMMEDCOND" id="7A7A8F70-3E95-F48C-A70A-5EC592C854DD">
<createdBy>Pranav Sharma</createdBy>
<createdTime>2017-09-08 09:52:26 UTC</createdTime>
<commentInRDBMS>MEDICAL CONDITION </commentInRDBMS>
<ownerDesignName>rm_OracleModel</ownerDesignName>
<engineerTo>
<item key="04894FAC-E68A-627E-8FA1-152144DB090A" value="true"/>
</engineerTo>
<nullsAllowed>true</nullsAllowed>
<useDomainConstraints>false</useDomainConstraints>
<use>1</use>
<logicalDatatype>LOGDT024</logicalDatatype>
<dataTypeSize>10</dataTypeSize>
<ownDataTypeParameters>10,,</ownDataTypeParameters>
</Attribute>
<Attribute name="COMSTUDENT" id="EDFF488B-8A84-046E-8740-3A2EF82D502E">
<createdBy>Pranav Sharma</createdBy>
<createdTime>2017-09-08 09:52:27 UTC</createdTime>
<commentInRDBMS>STUDENT OR NO</commentInRDBMS>
<ownerDesignName>rm_OracleModel</ownerDesignName>
<engineerTo>
<item key="04894FAC-E68A-627E-8FA1-152144DB090A" value="true"/>
</engineerTo>
<nullsAllowed>true</nullsAllowed>
<useDomainConstraints>false</useDomainConstraints>
<use>1</use>
<logicalDatatype>LOGDT024</logicalDatatype>
<dataTypeSize>10</dataTypeSize>
<ownDataTypeParameters>10,,</ownDataTypeParameters>
</Attribute>
<Attribute name="COMEMAIL" id="49A89CA4-4DF0-E2ED-4C03-801E991691EB">
<createdBy>Pranav Sharma</createdBy>
<createdTime>2017-09-08 09:54:03 UTC</createdTime>
<generatorID>0D7B0A2E-101F-3CBA-93A7-635EC57BD27A</generatorID>
<ownerDesignName>rm_OracleModel</ownerDesignName>
<engineerTo>
<item key="04894FAC-E68A-627E-8FA1-152144DB090A" value="true"/>
</engineerTo>
<referedAttribute>B0911A4C-E8A1-3F0F-5A40-1C63936C53CB</referedAttribute>
<useDomainConstraints>false</useDomainConstraints>
<use>1</use>
<logicalDatatype>LOGDT024</logicalDatatype>
<dataTypeSize>10</dataTypeSize>
<ownDataTypeParameters>,,</ownDataTypeParameters>
</Attribute>
</attributes>
</Entity>