<?xml version = '1.0' encoding = 'UTF-8'?>
<Entity class="oracle.dbtools.crest.model.design.logical.Entity" directorySegmentName="seg_0" id="44EB475B-4AA3-4AEC-B973-EAD4A497C56A" name="COMPETITOR">
<createdBy>Pranav Sharma</createdBy>
<createdTime>2017-09-08 09:34:53 UTC</createdTime>
<ownerDesignName>rm_OracleModel</ownerDesignName>
<engineerTo>
<item key="04894FAC-E68A-627E-8FA1-152144DB090A" value="true"/>
</engineerTo>
<adequatelyNormalized>NO</adequatelyNormalized>
<expectedVolumes>0</expectedVolumes>
<fwdEngineeringStrategyName>Single Table</fwdEngineeringStrategyName>
<growthPercent>0</growthPercent>
<growthType>Year</growthType>
<maxVolumes>9999999</maxVolumes>
<minVolumes>0</minVolumes>
<normalForm>Third</normalForm>
<attributes itemClass="oracle.dbtools.crest.model.design.logical.Attribute">
<Attribute name="COMFNAME" id="ACFAC2DB-E968-970B-5336-4A2A2DA13D73">
<createdBy>Pranav Sharma</createdBy>
<createdTime>2017-09-08 09:35:43 UTC</createdTime>
<commentInRDBMS>FIRST NAME ENTERED BY THE COMPETITOR.</commentInRDBMS>
<ownerDesignName>rm_OracleModel</ownerDesignName>
<engineerTo>
<item key="04894FAC-E68A-627E-8FA1-152144DB090A" value="true"/>
</engineerTo>
<nullsAllowed>true</nullsAllowed>
<useDomainConstraints>false</useDomainConstraints>
<use>1</use>
<logicalDatatype>LOGDT024</logicalDatatype>
<dataTypeSize>10</dataTypeSize>
<ownDataTypeParameters>10,,</ownDataTypeParameters>
</Attribute>
<Attribute name="COMLNAME" id="82910ADF-3B4F-3105-AEF8-8F982860DF24">
<createdBy>Pranav Sharma</createdBy>
<createdTime>2017-09-08 09:35:44 UTC</createdTime>
<commentInRDBMS>LAST NAME ENTERED BY THE COMPETITOR.</commentInRDBMS>
<ownerDesignName>rm_OracleModel</ownerDesignName>
<engineerTo>
<item key="04894FAC-E68A-627E-8FA1-152144DB090A" value="true"/>
</engineerTo>
<nullsAllowed>true</nullsAllowed>
<useDomainConstraints>false</useDomainConstraints>
<use>1</use>
<logicalDatatype>LOGDT024</logicalDatatype>
<dataTypeSize>10</dataTypeSize>
<ownDataTypeParameters>10,,</ownDataTypeParameters>
</Attribute>
<Attribute name="COMGEN" id="C7373C4C-11D2-40D9-5637-ABE39E01E487">
<createdBy>Pranav Sharma</createdBy>
<createdTime>2017-09-08 09:35:44 UTC</createdTime>
<commentInRDBMS>GENDER OF THE COMPETITOR.</commentInRDBMS>
<ownerDesignName>rm_OracleModel</ownerDesignName>
<engineerTo>
<item key="04894FAC-E68A-627E-8FA1-152144DB090A" value="true"/>
</engineerTo>
<nullsAllowed>true</nullsAllowed>
<useDomainConstraints>false</useDomainConstraints>
<use>1</use>
<logicalDatatype>LOGDT025</logicalDatatype>
<dataTypeSize>5</dataTypeSize>
<ownDataTypeParameters>5,,</ownDataTypeParameters>
</Attribute>
<Attribute name="COMDOB" id="227841EA-49C3-0099-198B-4CC087E511E7">
<createdBy>Pranav Sharma</createdBy>
<createdTime>2017-09-08 09:35:44 UTC</createdTime>
<commentInRDBMS>DATE OF BIRTH ADDED TO THE DATABASE.</commentInRDBMS>
<ownerDesignName>rm_OracleModel</ownerDesignName>
<engineerTo>
<item key="04894FAC-E68A-627E-8FA1-152144DB090A" value="true"/>
</engineerTo>
<nullsAllowed>true</nullsAllowed>
<useDomainConstraints>false</useDomainConstraints>
<use>1</use>
<logicalDatatype>LOGDT007</logicalDatatype>
<ownDataTypeParameters>,,</ownDataTypeParameters>
</Attribute>
<Attribute name="COMEMAIL" id="B0911A4C-E8A1-3F0F-5A40-1C63936C53CB">
<createdBy>Pranav Sharma</createdBy>
<createdTime>2017-09-08 09:35:44 UTC</createdTime>
<commentInRDBMS>EMAIL VERIED TO BE TAKEN AS A PRIMARY KEY.</commentInRDBMS>
<ownerDesignName>rm_OracleModel</ownerDesignName>
<engineerTo>
<item key="04894FAC-E68A-627E-8FA1-152144DB090A" value="true"/>
</engineerTo>
<useDomainConstraints>false</useDomainConstraints>
<use>1</use>
<logicalDatatype>LOGDT024</logicalDatatype>
<dataTypeSize>10</dataTypeSize>
<ownDataTypeParameters>10,,</ownDataTypeParameters>
</Attribute>
<Attribute name="COMCONTACT" id="FAFFDC19-BF8F-42E7-CB2E-5CA97EB9F4EE">
<createdBy>Pranav Sharma</createdBy>
<createdTime>2017-09-08 09:35:44 UTC</createdTime>
<commentInRDBMS>CONTACT NUMBER FOR COM.</commentInRDBMS>
<ownerDesignName>rm_OracleModel</ownerDesignName>
<engineerTo>
<item key="04894FAC-E68A-627E-8FA1-152144DB090A" value="true"/>
</engineerTo>
<nullsAllowed>true</nullsAllowed>
<useDomainConstraints>false</useDomainConstraints>
<use>1</use>
<logicalDatatype>LOGDT024</logicalDatatype>
<dataTypeSize>10</dataTypeSize>
<ownDataTypeParameters>10,,</ownDataTypeParameters>
</Attribute>
<Attribute name="COMNUM" id="ADC06CF2-3817-D289-6527-26E435463A08">
<createdBy>Pranav Sharma</createdBy>
<createdTime>2017-09-08 10:36:32 UTC</createdTime>
<generatorID>83E49001-CC89-B743-ECA0-82267ADF12E7</generatorID>
<ownerDesignName>rm_OracleModel</ownerDesignName>
<engineerTo>
<item key="04894FAC-E68A-627E-8FA1-152144DB090A" value="true"/>
</engineerTo>
<referedAttribute>D6815179-28F3-C481-FEB1-460D0F2FAC63</referedAttribute>
<useDomainConstraints>false</useDomainConstraints>
<use>1</use>
<logicalDatatype>LOGDT019</logicalDatatype>
<ownDataTypeParameters>,,</ownDataTypeParameters>
</Attribute>
</attributes>
<identifiers itemClass="oracle.dbtools.crest.model.design.logical.CandidateKey">
<identifier id="71E96348-906E-322F-D11E-5478C40E3D02" name="COMPETITOR PK">
<createdBy>Pranav Sharma</createdBy>
<createdTime>2017-09-08 09:37:54 UTC</createdTime>
<ownerDesignName>rm_OracleModel</ownerDesignName>
<shouldEngineer>false</shouldEngineer>
<engineerTo>
<item key="04894FAC-E68A-627E-8FA1-152144DB090A" value="false"/>
</engineerTo>
<pk>true</pk>
<usedAttributes>
<attributeRef>B0911A4C-E8A1-3F0F-5A40-1C63936C53CB</attributeRef>
</usedAttributes>
</identifier>
</identifiers>
</Entity>