<?xml version = '1.0' encoding = 'UTF-8'?>
<Entity class="oracle.dbtools.crest.model.design.logical.Entity" directorySegmentName="seg_0" id="47393B02-5585-355D-DF83-C1831BDE703A" name="EMER CONTACT">
<createdBy>Pranav Sharma</createdBy>
<createdTime>2017-09-08 09:44:41 UTC</createdTime>
<ownerDesignName>rm_OracleModel</ownerDesignName>
<engineerTo>
<item key="04894FAC-E68A-627E-8FA1-152144DB090A" value="true"/>
</engineerTo>
<adequatelyNormalized>NO</adequatelyNormalized>
<expectedVolumes>0</expectedVolumes>
<fwdEngineeringStrategyName>Single Table</fwdEngineeringStrategyName>
<growthPercent>0</growthPercent>
<growthType>Year</growthType>
<maxVolumes>9999999</maxVolumes>
<minVolumes>0</minVolumes>
<normalForm>Third</normalForm>
<attributes itemClass="oracle.dbtools.crest.model.design.logical.Attribute">
<Attribute name="EMFNAME" id="95809B49-A31B-15DF-EC08-F883EBE11296">
<createdBy>Pranav Sharma</createdBy>
<createdTime>2017-09-08 09:45:02 UTC</createdTime>
<comment>FIRST NAME FOR EMERGENCY CONTACT.</comment>
<ownerDesignName>rm_OracleModel</ownerDesignName>
<engineerTo>
<item key="04894FAC-E68A-627E-8FA1-152144DB090A" value="true"/>
</engineerTo>
<nullsAllowed>true</nullsAllowed>
<useDomainConstraints>false</useDomainConstraints>
<use>1</use>
<logicalDatatype>LOGDT024</logicalDatatype>
<dataTypeSize>10</dataTypeSize>
<ownDataTypeParameters>10,,</ownDataTypeParameters>
</Attribute>
<Attribute name="EMLNAME" id="B3C5D569-F0CB-F60B-02D1-8C58B2F96A50">
<createdBy>Pranav Sharma</createdBy>
<createdTime>2017-09-08 09:45:03 UTC</createdTime>
<commentInRDBMS>LAST NAME.</commentInRDBMS>
<ownerDesignName>rm_OracleModel</ownerDesignName>
<engineerTo>
<item key="04894FAC-E68A-627E-8FA1-152144DB090A" value="true"/>
</engineerTo>
<nullsAllowed>true</nullsAllowed>
<useDomainConstraints>false</useDomainConstraints>
<use>1</use>
<logicalDatatype>LOGDT024</logicalDatatype>
<dataTypeSize>10</dataTypeSize>
<ownDataTypeParameters>10,,</ownDataTypeParameters>
</Attribute>
<Attribute name="EMRELATION" id="767887FE-AC9C-48D5-C72B-CB008FF0E603">
<createdBy>Pranav Sharma</createdBy>
<createdTime>2017-09-08 09:45:03 UTC</createdTime>
<commentInRDBMS>RELATION WITH CONTACT.</commentInRDBMS>
<ownerDesignName>rm_OracleModel</ownerDesignName>
<engineerTo>
<item key="04894FAC-E68A-627E-8FA1-152144DB090A" value="true"/>
</engineerTo>
<nullsAllowed>true</nullsAllowed>
<useDomainConstraints>false</useDomainConstraints>
<use>1</use>
<logicalDatatype>LOGDT024</logicalDatatype>
<dataTypeSize>10</dataTypeSize>
<ownDataTypeParameters>10,,</ownDataTypeParameters>
</Attribute>
<Attribute name="EMCONTACT" id="5C3EC8FE-EF29-93CC-3939-3A0684BA7F87">
<createdBy>Pranav Sharma</createdBy>
<createdTime>2017-09-08 09:46:26 UTC</createdTime>
<commentInRDBMS>PRIMARY KEY FOR EMERGENCY CONTACT.</commentInRDBMS>
<ownerDesignName>rm_OracleModel</ownerDesignName>
<engineerTo>
<item key="04894FAC-E68A-627E-8FA1-152144DB090A" value="true"/>
</engineerTo>
<useDomainConstraints>false</useDomainConstraints>
<use>1</use>
<logicalDatatype>LOGDT024</logicalDatatype>
<dataTypeSize>10</dataTypeSize>
<ownDataTypeParameters>10,,</ownDataTypeParameters>
</Attribute>
</attributes>
<identifiers itemClass="oracle.dbtools.crest.model.design.logical.CandidateKey">
<identifier id="F7051C0E-D1D2-392C-FDF8-5F5A22327D10" name="EMER_CONTACT_PK">
<createdBy>Pranav Sharma</createdBy>
<createdTime>2017-09-08 09:46:44 UTC</createdTime>
<ownerDesignName>rm_OracleModel</ownerDesignName>
<shouldEngineer>false</shouldEngineer>
<engineerTo>
<item key="04894FAC-E68A-627E-8FA1-152144DB090A" value="false"/>
</engineerTo>
<pk>true</pk>
<usedAttributes>
<attributeRef>5C3EC8FE-EF29-93CC-3939-3A0684BA7F87</attributeRef>
</usedAttributes>
</identifier>
</identifiers>
</Entity>