<?xml version = '1.0' encoding = 'UTF-8'?>
<Entity class="oracle.dbtools.crest.model.design.logical.Entity" directorySegmentName="seg_0" id="5FA42D75-5AF3-56BC-19F2-EF9972FE549B" name="ITEM DETAILS">
<createdBy>Pranav Sharma</createdBy>
<createdTime>2017-09-08 10:08:32 UTC</createdTime>
<ownerDesignName>rm_OracleModel</ownerDesignName>
<engineerTo>
<item key="04894FAC-E68A-627E-8FA1-152144DB090A" value="true"/>
</engineerTo>
<adequatelyNormalized>NO</adequatelyNormalized>
<expectedVolumes>0</expectedVolumes>
<fwdEngineeringStrategyName>Single Table</fwdEngineeringStrategyName>
<growthPercent>0</growthPercent>
<growthType>Year</growthType>
<maxVolumes>9999999</maxVolumes>
<minVolumes>0</minVolumes>
<normalForm>Third</normalForm>
<attributes itemClass="oracle.dbtools.crest.model.design.logical.Attribute">
<Attribute name="CARDATE" id="60B5B00B-05DE-08F2-A300-BDBD0E805237">
<createdBy>Pranav Sharma</createdBy>
<createdTime>2017-09-08 10:09:16 UTC</createdTime>
<generatorID>83DD613B-17A4-5A33-27C8-887BBAF64FFD</generatorID>
<ownerDesignName>rm_OracleModel</ownerDesignName>
<engineerTo>
<item key="04894FAC-E68A-627E-8FA1-152144DB090A" value="true"/>
</engineerTo>
<referedAttribute>DCC9156A-A416-7281-5236-C10661C12327</referedAttribute>
<useDomainConstraints>false</useDomainConstraints>
<use>1</use>
<logicalDatatype>LOGDT007</logicalDatatype>
<ownDataTypeParameters>,,</ownDataTypeParameters>
</Attribute>
<Attribute name="ITCODE" id="59E0247E-8273-9030-A8F8-A2709EC42AC0">
<createdBy>Pranav Sharma</createdBy>
<createdTime>2017-09-08 10:14:11 UTC</createdTime>
<generatorID>10D6604B-BB8A-2141-EB9C-D523B4B26AA8</generatorID>
<ownerDesignName>rm_OracleModel</ownerDesignName>
<engineerTo>
<item key="04894FAC-E68A-627E-8FA1-152144DB090A" value="true"/>
</engineerTo>
<referedAttribute>5E4FE6B3-39EF-1024-DB85-2312984B6F80</referedAttribute>
<useDomainConstraints>false</useDomainConstraints>
<use>1</use>
<logicalDatatype>LOGDT024</logicalDatatype>
<dataTypeSize>10</dataTypeSize>
<ownDataTypeParameters>,,</ownDataTypeParameters>
</Attribute>
</attributes>
</Entity>