<?xml version = '1.0' encoding = 'UTF-8'?>
<Entity class="oracle.dbtools.crest.model.design.logical.Entity" directorySegmentName="seg_0" id="6D1FE3A0-E4FA-2D6A-8211-944E4978988B" name="PARENT">
<createdBy>Pranav Sharma</createdBy>
<createdTime>2017-09-08 09:57:24 UTC</createdTime>
<ownerDesignName>rm_OracleModel</ownerDesignName>
<engineerTo>
<item key="04894FAC-E68A-627E-8FA1-152144DB090A" value="true"/>
</engineerTo>
<adequatelyNormalized>NO</adequatelyNormalized>
<expectedVolumes>0</expectedVolumes>
<fwdEngineeringStrategyName>Single Table</fwdEngineeringStrategyName>
<growthPercent>0</growthPercent>
<growthType>Year</growthType>
<maxVolumes>9999999</maxVolumes>
<minVolumes>0</minVolumes>
<normalForm>Third</normalForm>
<attributes itemClass="oracle.dbtools.crest.model.design.logical.Attribute">
<Attribute name="PGFNAME" id="C015DA87-E51B-2960-6B3D-5FB2C1CF8692">
<createdBy>Pranav Sharma</createdBy>
<createdTime>2017-09-08 09:57:40 UTC</createdTime>
<commentInRDBMS>FIRST NAME</commentInRDBMS>
<ownerDesignName>rm_OracleModel</ownerDesignName>
<engineerTo>
<item key="04894FAC-E68A-627E-8FA1-152144DB090A" value="true"/>
</engineerTo>
<nullsAllowed>true</nullsAllowed>
<useDomainConstraints>false</useDomainConstraints>
<use>1</use>
<logicalDatatype>LOGDT024</logicalDatatype>
<dataTypeSize>10</dataTypeSize>
<ownDataTypeParameters>10,,</ownDataTypeParameters>
</Attribute>
<Attribute name="PGLNAME" id="B22ED203-C736-7A44-2396-8E1554DC2F5A">
<createdBy>Pranav Sharma</createdBy>
<createdTime>2017-09-08 09:57:40 UTC</createdTime>
<commentInRDBMS>LAST NAME</commentInRDBMS>
<ownerDesignName>rm_OracleModel</ownerDesignName>
<engineerTo>
<item key="04894FAC-E68A-627E-8FA1-152144DB090A" value="true"/>
</engineerTo>
<nullsAllowed>true</nullsAllowed>
<useDomainConstraints>false</useDomainConstraints>
<use>1</use>
<logicalDatatype>LOGDT024</logicalDatatype>
<dataTypeSize>10</dataTypeSize>
<ownDataTypeParameters>10,,</ownDataTypeParameters>
</Attribute>
<Attribute name="PGCONTACT" id="C393C665-A5C2-1E21-1F07-75DF38DA3D76">
<createdBy>Pranav Sharma</createdBy>
<createdTime>2017-09-08 09:58:38 UTC</createdTime>
<generatorID>8C7A3CB3-3D85-71B0-2069-84B4448CFC9C</generatorID>
<ownerDesignName>rm_OracleModel</ownerDesignName>
<engineerTo>
<item key="04894FAC-E68A-627E-8FA1-152144DB090A" value="true"/>
</engineerTo>
<referedAttribute>A8EFA777-80D7-666D-D734-72298FE84066</referedAttribute>
<useDomainConstraints>false</useDomainConstraints>
<use>1</use>
<logicalDatatype>LOGDT024</logicalDatatype>
<dataTypeSize>10</dataTypeSize>
<ownDataTypeParameters>,,</ownDataTypeParameters>
</Attribute>
</attributes>
</Entity>