<?xml version = '1.0' encoding = 'UTF-8'?>
<Entity class="oracle.dbtools.crest.model.design.logical.Entity" directorySegmentName="seg_0" id="6E1A7BAD-89DD-FA27-326E-B083384A37DB" name="ITEM">
<createdBy>Pranav Sharma</createdBy>
<createdTime>2017-09-08 10:09:48 UTC</createdTime>
<ownerDesignName>rm_OracleModel</ownerDesignName>
<engineerTo>
<item key="04894FAC-E68A-627E-8FA1-152144DB090A" value="true"/>
</engineerTo>
<adequatelyNormalized>NO</adequatelyNormalized>
<expectedVolumes>0</expectedVolumes>
<fwdEngineeringStrategyName>Single Table</fwdEngineeringStrategyName>
<growthPercent>0</growthPercent>
<growthType>Year</growthType>
<maxVolumes>9999999</maxVolumes>
<minVolumes>0</minVolumes>
<normalForm>Third</normalForm>
<attributes itemClass="oracle.dbtools.crest.model.design.logical.Attribute">
<Attribute name="ITCODE" id="5E4FE6B3-39EF-1024-DB85-2312984B6F80">
<createdBy>Pranav Sharma</createdBy>
<createdTime>2017-09-08 10:10:21 UTC</createdTime>
<commentInRDBMS>ITEM CODE</commentInRDBMS>
<ownerDesignName>rm_OracleModel</ownerDesignName>
<engineerTo>
<item key="04894FAC-E68A-627E-8FA1-152144DB090A" value="true"/>
</engineerTo>
<useDomainConstraints>false</useDomainConstraints>
<use>1</use>
<logicalDatatype>LOGDT024</logicalDatatype>
<dataTypeSize>10</dataTypeSize>
<ownDataTypeParameters>10,,</ownDataTypeParameters>
</Attribute>
<Attribute name="ITDESC" id="44B98CAC-70F1-645E-15A5-39F90CE67F92">
<createdBy>Pranav Sharma</createdBy>
<createdTime>2017-09-08 10:10:21 UTC</createdTime>
<commentInRDBMS>ITEM DESCRIPTION FOR THE PRODUCT</commentInRDBMS>
<ownerDesignName>rm_OracleModel</ownerDesignName>
<engineerTo>
<item key="04894FAC-E68A-627E-8FA1-152144DB090A" value="true"/>
</engineerTo>
<nullsAllowed>true</nullsAllowed>
<useDomainConstraints>false</useDomainConstraints>
<use>1</use>
<logicalDatatype>LOGDT024</logicalDatatype>
<dataTypeSize>10</dataTypeSize>
<ownDataTypeParameters>10,,</ownDataTypeParameters>
</Attribute>
<Attribute name="ITCOST" id="E3DD6EA9-E4F4-DC0C-AB90-6B737D2DBB40">
<createdBy>Pranav Sharma</createdBy>
<createdTime>2017-09-08 10:10:21 UTC</createdTime>
<commentInRDBMS>COST FOR THE ITEM.</commentInRDBMS>
<ownerDesignName>rm_OracleModel</ownerDesignName>
<engineerTo>
<item key="04894FAC-E68A-627E-8FA1-152144DB090A" value="true"/>
</engineerTo>
<nullsAllowed>true</nullsAllowed>
<useDomainConstraints>false</useDomainConstraints>
<use>1</use>
<logicalDatatype>LOGDT021</logicalDatatype>
<ownDataTypeParameters>,,</ownDataTypeParameters>
</Attribute>
<Attribute name="ITQTY" id="D9DBA817-E2F3-D9EC-F18B-2CFF0658C97B">
<createdBy>Pranav Sharma</createdBy>
<createdTime>2017-09-08 10:10:21 UTC</createdTime>
<ownerDesignName>rm_OracleModel</ownerDesignName>
<engineerTo>
<item key="04894FAC-E68A-627E-8FA1-152144DB090A" value="true"/>
</engineerTo>
<nullsAllowed>true</nullsAllowed>
<useDomainConstraints>false</useDomainConstraints>
<use>1</use>
<logicalDatatype>LOGDT021</logicalDatatype>
<ownDataTypeParameters>,,</ownDataTypeParameters>
</Attribute>
<Attribute name="ITTIMECOST" id="524B8C8B-8DF2-EACA-789C-A275969C9946">
<createdBy>Pranav Sharma</createdBy>
<createdTime>2017-09-08 10:10:22 UTC</createdTime>
<ownerDesignName>rm_OracleModel</ownerDesignName>
<engineerTo>
<item key="04894FAC-E68A-627E-8FA1-152144DB090A" value="true"/>
</engineerTo>
<nullsAllowed>true</nullsAllowed>
<useDomainConstraints>false</useDomainConstraints>
<use>1</use>
<logicalDatatype>LOGDT021</logicalDatatype>
<ownDataTypeParameters>,,</ownDataTypeParameters>
</Attribute>
</attributes>
<identifiers itemClass="oracle.dbtools.crest.model.design.logical.CandidateKey">
<identifier id="A9070578-1D17-D369-7E28-AA10D9784552" name="ITEM PK">
<createdBy>Pranav Sharma</createdBy>
<createdTime>2017-09-08 10:11:16 UTC</createdTime>
<ownerDesignName>rm_OracleModel</ownerDesignName>
<shouldEngineer>false</shouldEngineer>
<engineerTo>
<item key="04894FAC-E68A-627E-8FA1-152144DB090A" value="false"/>
</engineerTo>
<pk>true</pk>
<usedAttributes>
<attributeRef>5E4FE6B3-39EF-1024-DB85-2312984B6F80</attributeRef>
</usedAttributes>
</identifier>
</identifiers>
</Entity>