<?xml version = '1.0' encoding = 'UTF-8'?>
<Entity class="oracle.dbtools.crest.model.design.logical.Entity" directorySegmentName="seg_0" id="879919B3-EEF0-1322-6802-58445EB97632" name="CONTACT">
<createdBy>Pranav Sharma</createdBy>
<createdTime>2017-09-08 09:41:47 UTC</createdTime>
<ownerDesignName>rm_OracleModel</ownerDesignName>
<engineerTo>
<item key="04894FAC-E68A-627E-8FA1-152144DB090A" value="true"/>
</engineerTo>
<adequatelyNormalized>NO</adequatelyNormalized>
<expectedVolumes>0</expectedVolumes>
<fwdEngineeringStrategyName>Single Table</fwdEngineeringStrategyName>
<growthPercent>0</growthPercent>
<growthType>Year</growthType>
<maxVolumes>9999999</maxVolumes>
<minVolumes>0</minVolumes>
<normalForm>Third</normalForm>
<attributes itemClass="oracle.dbtools.crest.model.design.logical.Attribute">
<Attribute name="PGCONTACT" id="A8EFA777-80D7-666D-D734-72298FE84066">
<createdBy>Pranav Sharma</createdBy>
<createdTime>2017-09-08 09:42:31 UTC</createdTime>
<commentInRDBMS>PRIMARY KEY IN CONTACT ENTITY.</commentInRDBMS>
<ownerDesignName>rm_OracleModel</ownerDesignName>
<engineerTo>
<item key="04894FAC-E68A-627E-8FA1-152144DB090A" value="true"/>
</engineerTo>
<useDomainConstraints>false</useDomainConstraints>
<use>1</use>
<logicalDatatype>LOGDT024</logicalDatatype>
<dataTypeSize>10</dataTypeSize>
<ownDataTypeParameters>10,,</ownDataTypeParameters>
</Attribute>
<Attribute name="COMEMAIL" id="DC280C75-11AA-9CB1-3C85-60B5509B9986">
<createdBy>Pranav Sharma</createdBy>
<createdTime>2017-09-08 09:44:19 UTC</createdTime>
<generatorID>8535F172-162B-0BAD-721D-0C546C26C802</generatorID>
<ownerDesignName>rm_OracleModel</ownerDesignName>
<engineerTo>
<item key="04894FAC-E68A-627E-8FA1-152144DB090A" value="true"/>
</engineerTo>
<referedAttribute>B0911A4C-E8A1-3F0F-5A40-1C63936C53CB</referedAttribute>
<useDomainConstraints>false</useDomainConstraints>
<use>1</use>
<logicalDatatype>LOGDT024</logicalDatatype>
<dataTypeSize>10</dataTypeSize>
<ownDataTypeParameters>,,</ownDataTypeParameters>
</Attribute>
<Attribute name="EMCONTACT" id="2857F5BD-3265-8859-DA94-7E9E0C701235">
<createdBy>Pranav Sharma</createdBy>
<createdTime>2017-09-08 09:47:36 UTC</createdTime>
<generatorID>83D363DE-183A-BB43-B5FC-059B0E8D6C58</generatorID>
<ownerDesignName>rm_OracleModel</ownerDesignName>
<engineerTo>
<item key="04894FAC-E68A-627E-8FA1-152144DB090A" value="true"/>
</engineerTo>
<referedAttribute>5C3EC8FE-EF29-93CC-3939-3A0684BA7F87</referedAttribute>
<useDomainConstraints>false</useDomainConstraints>
<use>1</use>
<logicalDatatype>LOGDT024</logicalDatatype>
<dataTypeSize>10</dataTypeSize>
<ownDataTypeParameters>,,</ownDataTypeParameters>
</Attribute>
</attributes>
<identifiers itemClass="oracle.dbtools.crest.model.design.logical.CandidateKey">
<identifier id="2989FCDD-56D4-6324-20F7-E281647CC2F8" name="CONTACT PK">
<createdBy>Pranav Sharma</createdBy>
<createdTime>2017-09-08 09:43:15 UTC</createdTime>
<ownerDesignName>rm_OracleModel</ownerDesignName>
<shouldEngineer>false</shouldEngineer>
<engineerTo>
<item key="04894FAC-E68A-627E-8FA1-152144DB090A" value="false"/>
</engineerTo>
<pk>true</pk>
<usedAttributes>
<attributeRef>A8EFA777-80D7-666D-D734-72298FE84066</attributeRef>
</usedAttributes>
</identifier>
</identifiers>
</Entity>