<?xml version = '1.0' encoding = 'UTF-8'?>
<Entity class="oracle.dbtools.crest.model.design.logical.Entity" directorySegmentName="seg_0" id="8EF7CE7E-6D0D-8328-BB51-E8502876209D" name="SPONSOR">
<createdBy>Pranav Sharma</createdBy>
<createdTime>2017-09-08 09:22:25 UTC</createdTime>
<ownerDesignName>rm_OracleModel</ownerDesignName>
<engineerTo>
<item key="04894FAC-E68A-627E-8FA1-152144DB090A" value="true"/>
</engineerTo>
<adequatelyNormalized>NO</adequatelyNormalized>
<expectedVolumes>0</expectedVolumes>
<fwdEngineeringStrategyName>Single Table</fwdEngineeringStrategyName>
<growthPercent>0</growthPercent>
<growthType>Year</growthType>
<maxVolumes>9999999</maxVolumes>
<minVolumes>0</minVolumes>
<normalForm>Third</normalForm>
<attributes itemClass="oracle.dbtools.crest.model.design.logical.Attribute">
<Attribute name="SPONPHONE" id="8D9BD968-3BCC-78F0-E88B-CF47731D12C6">
<createdBy>Pranav Sharma</createdBy>
<createdTime>2017-09-08 09:23:18 UTC</createdTime>
<commentInRDBMS>Phone number of the sponsor.</commentInRDBMS>
<ownerDesignName>rm_OracleModel</ownerDesignName>
<engineerTo>
<item key="04894FAC-E68A-627E-8FA1-152144DB090A" value="true"/>
</engineerTo>
<useDomainConstraints>false</useDomainConstraints>
<use>1</use>
<logicalDatatype>LOGDT024</logicalDatatype>
<dataTypeSize>10</dataTypeSize>
<ownDataTypeParameters>10,,</ownDataTypeParameters>
</Attribute>
<Attribute name="NAMESP" id="668EBA0D-4B13-F6D4-048E-CEF12023533A">
<createdBy>Pranav Sharma</createdBy>
<createdTime>2017-09-08 09:23:19 UTC</createdTime>
<commentInRDBMS>naming sponsors.</commentInRDBMS>
<ownerDesignName>rm_OracleModel</ownerDesignName>
<engineerTo>
<item key="04894FAC-E68A-627E-8FA1-152144DB090A" value="true"/>
</engineerTo>
<nullsAllowed>true</nullsAllowed>
<useDomainConstraints>false</useDomainConstraints>
<use>1</use>
<logicalDatatype>LOGDT024</logicalDatatype>
<dataTypeSize>10</dataTypeSize>
<ownDataTypeParameters>10,,</ownDataTypeParameters>
</Attribute>
<Attribute name="CARDATE" id="FED2FDA1-BA33-211D-E325-7D894CA089CE">
<createdBy>Pranav Sharma</createdBy>
<createdTime>2017-09-08 09:28:08 UTC</createdTime>
<generatorID>BC9ED724-5248-7EF2-8C28-224A5CD82535</generatorID>
<ownerDesignName>rm_OracleModel</ownerDesignName>
<engineerTo>
<item key="04894FAC-E68A-627E-8FA1-152144DB090A" value="true"/>
</engineerTo>
<referedAttribute>255A2134-1DC6-1CC2-F9F0-B34ABE840476</referedAttribute>
<useDomainConstraints>false</useDomainConstraints>
<use>1</use>
<logicalDatatype>LOGDT007</logicalDatatype>
<ownDataTypeParameters>,,</ownDataTypeParameters>
</Attribute>
</attributes>
<identifiers itemClass="oracle.dbtools.crest.model.design.logical.CandidateKey">
<identifier id="D52D5841-4E47-3E2E-8C3B-8B1F01D44129" name="SPONSOR PK">
<createdBy>Pranav Sharma</createdBy>
<createdTime>2017-09-08 09:24:15 UTC</createdTime>
<ownerDesignName>rm_OracleModel</ownerDesignName>
<shouldEngineer>false</shouldEngineer>
<engineerTo>
<item key="04894FAC-E68A-627E-8FA1-152144DB090A" value="false"/>
</engineerTo>
<pk>true</pk>
<usedAttributes>
<attributeRef>8D9BD968-3BCC-78F0-E88B-CF47731D12C6</attributeRef>
</usedAttributes>
</identifier>
</identifiers>
</Entity>