<?xml version = '1.0' encoding = 'UTF-8'?>
<Entity class="oracle.dbtools.crest.model.design.logical.Entity" directorySegmentName="seg_0" id="97A055EE-80F9-E1E8-9740-0267CEF93BCF" name="MERCHANDISE">
<createdBy>Pranav Sharma</createdBy>
<createdTime>2017-09-08 10:02:03 UTC</createdTime>
<ownerDesignName>rm_OracleModel</ownerDesignName>
<engineerTo>
<item key="04894FAC-E68A-627E-8FA1-152144DB090A" value="true"/>
</engineerTo>
<adequatelyNormalized>NO</adequatelyNormalized>
<expectedVolumes>0</expectedVolumes>
<fwdEngineeringStrategyName>Single Table</fwdEngineeringStrategyName>
<growthPercent>0</growthPercent>
<growthType>Year</growthType>
<maxVolumes>9999999</maxVolumes>
<minVolumes>0</minVolumes>
<normalForm>Third</normalForm>
<attributes itemClass="oracle.dbtools.crest.model.design.logical.Attribute">
<Attribute name="CARDATE" id="DCC9156A-A416-7281-5236-C10661C12327">
<createdBy>Pranav Sharma</createdBy>
<createdTime>2017-09-08 10:02:30 UTC</createdTime>
<commentInRDBMS>DATE OF THE CARNIVAL.</commentInRDBMS>
<ownerDesignName>rm_OracleModel</ownerDesignName>
<engineerTo>
<item key="04894FAC-E68A-627E-8FA1-152144DB090A" value="true"/>
</engineerTo>
<useDomainConstraints>false</useDomainConstraints>
<use>1</use>
<logicalDatatype>LOGDT007</logicalDatatype>
<ownDataTypeParameters>,,</ownDataTypeParameters>
</Attribute>
<Attribute name="CARLOC" id="94CE8EFB-8CB9-B2D8-37B9-29C942B11714">
<createdBy>Pranav Sharma</createdBy>
<createdTime>2017-09-08 10:02:30 UTC</createdTime>
<commentInRDBMS>LOCATION</commentInRDBMS>
<ownerDesignName>rm_OracleModel</ownerDesignName>
<engineerTo>
<item key="04894FAC-E68A-627E-8FA1-152144DB090A" value="true"/>
</engineerTo>
<nullsAllowed>true</nullsAllowed>
<useDomainConstraints>false</useDomainConstraints>
<use>1</use>
<logicalDatatype>LOGDT024</logicalDatatype>
<dataTypeSize>10</dataTypeSize>
<ownDataTypeParameters>10,,</ownDataTypeParameters>
</Attribute>
<Attribute name="COMNAME" id="51D2E2B8-E763-BA30-8415-46F191801F4D">
<createdBy>Pranav Sharma</createdBy>
<createdTime>2017-09-08 10:02:30 UTC</createdTime>
<commentInRDBMS>COMPETITOR NAME</commentInRDBMS>
<ownerDesignName>rm_OracleModel</ownerDesignName>
<engineerTo>
<item key="04894FAC-E68A-627E-8FA1-152144DB090A" value="true"/>
</engineerTo>
<nullsAllowed>true</nullsAllowed>
<useDomainConstraints>false</useDomainConstraints>
<use>1</use>
<logicalDatatype>LOGDT024</logicalDatatype>
<dataTypeSize>10</dataTypeSize>
<ownDataTypeParameters>10,,</ownDataTypeParameters>
</Attribute>
<Attribute name="COMEMAIL" id="8DF9A83A-71D5-2F70-D5DB-A2927B5E0755">
<createdBy>Pranav Sharma</createdBy>
<createdTime>2017-09-08 10:38:17 UTC</createdTime>
<generatorID>D54C69ED-9940-8E1D-8E82-AF57410EE827</generatorID>
<ownerDesignName>rm_OracleModel</ownerDesignName>
<engineerTo>
<item key="04894FAC-E68A-627E-8FA1-152144DB090A" value="true"/>
</engineerTo>
<referedAttribute>B0911A4C-E8A1-3F0F-5A40-1C63936C53CB</referedAttribute>
<useDomainConstraints>false</useDomainConstraints>
<use>1</use>
<logicalDatatype>LOGDT024</logicalDatatype>
<dataTypeSize>10</dataTypeSize>
<ownDataTypeParameters>,,</ownDataTypeParameters>
</Attribute>
</attributes>
<identifiers itemClass="oracle.dbtools.crest.model.design.logical.CandidateKey">
<identifier id="E27EE5A8-43E0-A601-A376-13B8B8CAAA9F" name="MERCHANDISE PK">
<createdBy>Pranav Sharma</createdBy>
<createdTime>2017-09-08 10:03:04 UTC</createdTime>
<ownerDesignName>rm_OracleModel</ownerDesignName>
<shouldEngineer>false</shouldEngineer>
<engineerTo>
<item key="04894FAC-E68A-627E-8FA1-152144DB090A" value="false"/>
</engineerTo>
<pk>true</pk>
<usedAttributes>
<attributeRef>DCC9156A-A416-7281-5236-C10661C12327</attributeRef>
</usedAttributes>
</identifier>
</identifiers>
</Entity>