<?xml version = '1.0' encoding = 'UTF-8'?>
<Entity class="oracle.dbtools.crest.model.design.logical.Entity" directorySegmentName="seg_0" id="B0C19904-2789-2A36-C663-43648865150B" name="ORDER DETAILS">
<createdBy>Pranav Sharma</createdBy>
<createdTime>2017-09-08 10:05:47 UTC</createdTime>
<ownerDesignName>rm_OracleModel</ownerDesignName>
<engineerTo>
<item key="04894FAC-E68A-627E-8FA1-152144DB090A" value="true"/>
</engineerTo>
<adequatelyNormalized>NO</adequatelyNormalized>
<expectedVolumes>0</expectedVolumes>
<fwdEngineeringStrategyName>Single Table</fwdEngineeringStrategyName>
<growthPercent>0</growthPercent>
<growthType>Year</growthType>
<maxVolumes>9999999</maxVolumes>
<minVolumes>0</minVolumes>
<normalForm>Third</normalForm>
<attributes itemClass="oracle.dbtools.crest.model.design.logical.Attribute">
<Attribute name="CARDATE" id="34A06AF0-9DAE-3438-0D86-86B9AA5B5A9D">
<createdBy>Pranav Sharma</createdBy>
<createdTime>2017-09-08 10:07:17 UTC</createdTime>
<generatorID>44D69924-8D2A-820C-444C-578ADCF5CB8E</generatorID>
<ownerDesignName>rm_OracleModel</ownerDesignName>
<engineerTo>
<item key="04894FAC-E68A-627E-8FA1-152144DB090A" value="true"/>
</engineerTo>
<referedAttribute>DCC9156A-A416-7281-5236-C10661C12327</referedAttribute>
<useDomainConstraints>false</useDomainConstraints>
<use>1</use>
<logicalDatatype>LOGDT007</logicalDatatype>
<ownDataTypeParameters>,,</ownDataTypeParameters>
</Attribute>
<Attribute name="ORNUM" id="630AEE44-FCA0-1E7B-F112-40A81E11BA76">
<createdBy>Pranav Sharma</createdBy>
<createdTime>2017-09-08 10:07:25 UTC</createdTime>
<generatorID>FDFEF9F8-7CDE-C97C-F5E0-9078E9545C69</generatorID>
<ownerDesignName>rm_OracleModel</ownerDesignName>
<engineerTo>
<item key="04894FAC-E68A-627E-8FA1-152144DB090A" value="true"/>
</engineerTo>
<referedAttribute>E8170358-CEAA-E10C-0A3E-18986466F0A8</referedAttribute>
<useDomainConstraints>false</useDomainConstraints>
<use>1</use>
<logicalDatatype>LOGDT024</logicalDatatype>
<dataTypeSize>10</dataTypeSize>
<ownDataTypeParameters>,,</ownDataTypeParameters>
</Attribute>
</attributes>
</Entity>