<?xml version = '1.0' encoding = 'UTF-8'?>
<Entity class="oracle.dbtools.crest.model.design.logical.Entity" directorySegmentName="seg_0" id="BC36FEEB-479C-4AA5-C5A5-A4C2964BC31D" name="SPONSOR INFO">
<createdBy>Pranav Sharma</createdBy>
<createdTime>2017-09-08 09:28:58 UTC</createdTime>
<ownerDesignName>rm_OracleModel</ownerDesignName>
<engineerTo>
<item key="04894FAC-E68A-627E-8FA1-152144DB090A" value="true"/>
</engineerTo>
<adequatelyNormalized>NO</adequatelyNormalized>
<expectedVolumes>0</expectedVolumes>
<fwdEngineeringStrategyName>Single Table</fwdEngineeringStrategyName>
<growthPercent>0</growthPercent>
<growthType>Year</growthType>
<maxVolumes>9999999</maxVolumes>
<minVolumes>0</minVolumes>
<normalForm>Third</normalForm>
<attributes itemClass="oracle.dbtools.crest.model.design.logical.Attribute">
<Attribute name="SPNAME" id="D25D49DB-92E1-D127-89AC-49D02DA3F74E">
<createdBy>Pranav Sharma</createdBy>
<createdTime>2017-09-08 09:29:09 UTC</createdTime>
<commentInRDBMS>Sponsor name in database.</commentInRDBMS>
<ownerDesignName>rm_OracleModel</ownerDesignName>
<engineerTo>
<item key="04894FAC-E68A-627E-8FA1-152144DB090A" value="true"/>
</engineerTo>
<nullsAllowed>true</nullsAllowed>
<useDomainConstraints>false</useDomainConstraints>
<use>1</use>
<logicalDatatype>LOGDT024</logicalDatatype>
<dataTypeSize>10</dataTypeSize>
<ownDataTypeParameters>10,,</ownDataTypeParameters>
</Attribute>
<Attribute name="SPAMOUNT" id="C468EDB2-0820-8C00-0682-7295BB477C71">
<createdBy>Pranav Sharma</createdBy>
<createdTime>2017-09-08 09:29:09 UTC</createdTime>
<commentInRDBMS>Amount for sponsoring.</commentInRDBMS>
<ownerDesignName>rm_OracleModel</ownerDesignName>
<engineerTo>
<item key="04894FAC-E68A-627E-8FA1-152144DB090A" value="true"/>
</engineerTo>
<nullsAllowed>true</nullsAllowed>
<useDomainConstraints>false</useDomainConstraints>
<use>1</use>
<logicalDatatype>LOGDT043</logicalDatatype>
<ownDataTypeParameters>,,</ownDataTypeParameters>
</Attribute>
<Attribute name="SPCONTACT" id="AD375E03-ECD7-38BC-FC5F-195575D16968">
<createdBy>Pranav Sharma</createdBy>
<createdTime>2017-09-08 09:29:10 UTC</createdTime>
<commentInRDBMS>Contact number of the sponsor.</commentInRDBMS>
<ownerDesignName>rm_OracleModel</ownerDesignName>
<engineerTo>
<item key="04894FAC-E68A-627E-8FA1-152144DB090A" value="true"/>
</engineerTo>
<nullsAllowed>true</nullsAllowed>
<useDomainConstraints>false</useDomainConstraints>
<use>1</use>
<logicalDatatype>LOGDT024</logicalDatatype>
<dataTypeSize>10</dataTypeSize>
<ownDataTypeParameters>10,,</ownDataTypeParameters>
</Attribute>
<Attribute name="SPONPHONE" id="F02AC926-72F2-CE0F-3B8F-B58FA51F4E40">
<createdBy>Pranav Sharma</createdBy>
<createdTime>2017-09-08 09:32:52 UTC</createdTime>
<generatorID>CA7B5761-8DF6-3DDA-DD79-D784B185CD8F</generatorID>
<ownerDesignName>rm_OracleModel</ownerDesignName>
<engineerTo>
<item key="04894FAC-E68A-627E-8FA1-152144DB090A" value="true"/>
</engineerTo>
<referedAttribute>8D9BD968-3BCC-78F0-E88B-CF47731D12C6</referedAttribute>
<useDomainConstraints>false</useDomainConstraints>
<use>1</use>
<logicalDatatype>LOGDT024</logicalDatatype>
<dataTypeSize>10</dataTypeSize>
<ownDataTypeParameters>,,</ownDataTypeParameters>
</Attribute>
</attributes>
</Entity>