<?xml version = '1.0' encoding = 'UTF-8'?>
<Entity class="oracle.dbtools.crest.model.design.logical.Entity" directorySegmentName="seg_0" id="C3EE9BF8-393F-B476-4DDB-499AD16AF1F8" name="ORDER">
<createdBy>Pranav Sharma</createdBy>
<createdTime>2017-09-08 10:04:42 UTC</createdTime>
<ownerDesignName>rm_OracleModel</ownerDesignName>
<engineerTo>
<item key="04894FAC-E68A-627E-8FA1-152144DB090A" value="true"/>
</engineerTo>
<adequatelyNormalized>NO</adequatelyNormalized>
<expectedVolumes>0</expectedVolumes>
<fwdEngineeringStrategyName>Single Table</fwdEngineeringStrategyName>
<growthPercent>0</growthPercent>
<growthType>Year</growthType>
<maxVolumes>9999999</maxVolumes>
<minVolumes>0</minVolumes>
<normalForm>Third</normalForm>
<attributes itemClass="oracle.dbtools.crest.model.design.logical.Attribute">
<Attribute name="ORDATE" id="4DBAC5CE-A5AF-BA2F-AFAA-41F7893DF8E4">
<createdBy>Pranav Sharma</createdBy>
<createdTime>2017-09-08 10:04:55 UTC</createdTime>
<commentInRDBMS>ORDER DATE</commentInRDBMS>
<ownerDesignName>rm_OracleModel</ownerDesignName>
<engineerTo>
<item key="04894FAC-E68A-627E-8FA1-152144DB090A" value="true"/>
</engineerTo>
<nullsAllowed>true</nullsAllowed>
<useDomainConstraints>false</useDomainConstraints>
<use>1</use>
<logicalDatatype>LOGDT007</logicalDatatype>
<ownDataTypeParameters>,,</ownDataTypeParameters>
</Attribute>
<Attribute name="ORNUM" id="E8170358-CEAA-E10C-0A3E-18986466F0A8">
<createdBy>Pranav Sharma</createdBy>
<createdTime>2017-09-08 10:04:55 UTC</createdTime>
<commentInRDBMS>ORDER NUMBER UNIQUE.</commentInRDBMS>
<ownerDesignName>rm_OracleModel</ownerDesignName>
<engineerTo>
<item key="04894FAC-E68A-627E-8FA1-152144DB090A" value="true"/>
</engineerTo>
<useDomainConstraints>false</useDomainConstraints>
<use>1</use>
<logicalDatatype>LOGDT024</logicalDatatype>
<dataTypeSize>10</dataTypeSize>
<ownDataTypeParameters>10,,</ownDataTypeParameters>
</Attribute>
</attributes>
<identifiers itemClass="oracle.dbtools.crest.model.design.logical.CandidateKey">
<identifier id="50AA8E3A-5C78-B4E7-A262-03F61EA86923" name="ORDER PK">
<createdBy>Pranav Sharma</createdBy>
<createdTime>2017-09-08 10:05:25 UTC</createdTime>
<ownerDesignName>rm_OracleModel</ownerDesignName>
<shouldEngineer>false</shouldEngineer>
<engineerTo>
<item key="04894FAC-E68A-627E-8FA1-152144DB090A" value="false"/>
</engineerTo>
<pk>true</pk>
<usedAttributes>
<attributeRef>E8170358-CEAA-E10C-0A3E-18986466F0A8</attributeRef>
</usedAttributes>
</identifier>
</identifiers>
</Entity>