<?xml version = '1.0' encoding = 'UTF-8'?>
<Entity class="oracle.dbtools.crest.model.design.logical.Entity" directorySegmentName="seg_0" id="CB796946-81F9-006A-84D7-9F73AABC89DE" name="CARNIVAL">
<createdBy>Pranav Sharma</createdBy>
<createdTime>2017-09-08 09:15:07 UTC</createdTime>
<ownerDesignName>rm_OracleModel</ownerDesignName>
<engineerTo>
<item key="04894FAC-E68A-627E-8FA1-152144DB090A" value="true"/>
</engineerTo>
<adequatelyNormalized>NO</adequatelyNormalized>
<expectedVolumes>0</expectedVolumes>
<fwdEngineeringStrategyName>Single Table</fwdEngineeringStrategyName>
<growthPercent>0</growthPercent>
<growthType>Year</growthType>
<maxVolumes>9999999</maxVolumes>
<minVolumes>0</minVolumes>
<normalForm>Third</normalForm>
<attributes itemClass="oracle.dbtools.crest.model.design.logical.Attribute">
<Attribute name="CARDATE" id="255A2134-1DC6-1CC2-F9F0-B34ABE840476">
<createdBy>Pranav Sharma</createdBy>
<createdTime>2017-09-08 09:15:39 UTC</createdTime>
<commentInRDBMS>Date of the carnival.</commentInRDBMS>
<ownerDesignName>rm_OracleModel</ownerDesignName>
<engineerTo>
<item key="04894FAC-E68A-627E-8FA1-152144DB090A" value="true"/>
</engineerTo>
<useDomainConstraints>false</useDomainConstraints>
<use>1</use>
<logicalDatatype>LOGDT007</logicalDatatype>
<ownDataTypeParameters>,,</ownDataTypeParameters>
</Attribute>
<Attribute name="CARDIR" id="C57A6B97-431A-A199-E557-DB4D7717C85A">
<createdBy>Pranav Sharma</createdBy>
<createdTime>2017-09-08 09:15:39 UTC</createdTime>
<commentInRDBMS>Director of the carnival.</commentInRDBMS>
<ownerDesignName>rm_OracleModel</ownerDesignName>
<engineerTo>
<item key="04894FAC-E68A-627E-8FA1-152144DB090A" value="true"/>
</engineerTo>
<nullsAllowed>true</nullsAllowed>
<useDomainConstraints>false</useDomainConstraints>
<use>1</use>
<logicalDatatype>LOGDT024</logicalDatatype>
<dataTypeSize>10</dataTypeSize>
<ownDataTypeParameters>10,,</ownDataTypeParameters>
</Attribute>
<Attribute name="CARLOC" id="655286F5-AF0A-A18D-7C8A-C3CDA1F208D1">
<createdBy>Pranav Sharma</createdBy>
<createdTime>2017-09-08 09:15:40 UTC</createdTime>
<commentInRDBMS>Location of the carnival.</commentInRDBMS>
<ownerDesignName>rm_OracleModel</ownerDesignName>
<engineerTo>
<item key="04894FAC-E68A-627E-8FA1-152144DB090A" value="true"/>
</engineerTo>
<nullsAllowed>true</nullsAllowed>
<useDomainConstraints>false</useDomainConstraints>
<use>1</use>
<logicalDatatype>LOGDT024</logicalDatatype>
<dataTypeSize>10</dataTypeSize>
<ownDataTypeParameters>10,,</ownDataTypeParameters>
</Attribute>
<Attribute name="EVTOFFERED" id="B719623B-DA59-76DF-E232-072BC421DE59">
<createdBy>Pranav Sharma</createdBy>
<createdTime>2017-09-08 09:15:40 UTC</createdTime>
<commentInRDBMS>Events offered in the carnival.</commentInRDBMS>
<ownerDesignName>rm_OracleModel</ownerDesignName>
<engineerTo>
<item key="04894FAC-E68A-627E-8FA1-152144DB090A" value="true"/>
</engineerTo>
<nullsAllowed>true</nullsAllowed>
<useDomainConstraints>false</useDomainConstraints>
<use>1</use>
<logicalDatatype>LOGDT024</logicalDatatype>
<dataTypeSize>10</dataTypeSize>
<ownDataTypeParameters>10,,</ownDataTypeParameters>
</Attribute>
<Attribute name="COMNUM" id="B936B8CC-EDF9-E592-4C9B-F3D563DF60BA">
<createdBy>Pranav Sharma</createdBy>
<createdTime>2017-09-08 10:30:38 UTC</createdTime>
<generatorID>DD3BA3C8-0651-8956-04AF-BB127AFD8FDF</generatorID>
<ownerDesignName>rm_OracleModel</ownerDesignName>
<engineerTo>
<item key="04894FAC-E68A-627E-8FA1-152144DB090A" value="true"/>
</engineerTo>
<referedAttribute>D6815179-28F3-C481-FEB1-460D0F2FAC63</referedAttribute>
<useDomainConstraints>false</useDomainConstraints>
<use>1</use>
<logicalDatatype>LOGDT019</logicalDatatype>
<ownDataTypeParameters>,,</ownDataTypeParameters>
</Attribute>
</attributes>
<identifiers itemClass="oracle.dbtools.crest.model.design.logical.CandidateKey">
<identifier id="ADFE65BE-88E5-0717-D163-92A90725E082" name="CARNIVAL PK">
<createdBy>Pranav Sharma</createdBy>
<createdTime>2017-09-08 09:17:28 UTC</createdTime>
<ownerDesignName>rm_OracleModel</ownerDesignName>
<shouldEngineer>false</shouldEngineer>
<engineerTo>
<item key="04894FAC-E68A-627E-8FA1-152144DB090A" value="false"/>
</engineerTo>
<pk>true</pk>
<usedAttributes>
<attributeRef>255A2134-1DC6-1CC2-F9F0-B34ABE840476</attributeRef>
</usedAttributes>
</identifier>
</identifiers>
</Entity>