<?xml version = '1.0' encoding = 'UTF-8'?>
<Entity class="oracle.dbtools.crest.model.design.logical.Entity" directorySegmentName="seg_0" id="DDD8F2F1-57DF-166D-71FF-AFCB4D359F95" name="EVENT DATA">
<createdBy>Pranav Sharma</createdBy>
<createdTime>2017-09-08 09:08:58 UTC</createdTime>
<ownerDesignName>rm_OracleModel</ownerDesignName>
<engineerTo>
<item key="04894FAC-E68A-627E-8FA1-152144DB090A" value="true"/>
</engineerTo>
<adequatelyNormalized>NO</adequatelyNormalized>
<expectedVolumes>0</expectedVolumes>
<fwdEngineeringStrategyName>Single Table</fwdEngineeringStrategyName>
<growthPercent>0</growthPercent>
<growthType>Year</growthType>
<maxVolumes>9999999</maxVolumes>
<minVolumes>0</minVolumes>
<normalForm>Third</normalForm>
<attributes itemClass="oracle.dbtools.crest.model.design.logical.Attribute">
<Attribute name="EventName" id="DA48811F-C3AA-CF44-0C96-C97AE4FB458C">
<createdBy>Pranav Sharma</createdBy>
<createdTime>2017-09-08 09:09:54 UTC</createdTime>
<commentInRDBMS>Name of the event that is unique.</commentInRDBMS>
<ownerDesignName>rm_OracleModel</ownerDesignName>
<engineerTo>
<item key="04894FAC-E68A-627E-8FA1-152144DB090A" value="true"/>
</engineerTo>
<useDomainConstraints>false</useDomainConstraints>
<use>1</use>
<logicalDatatype>LOGDT024</logicalDatatype>
<dataTypeSize>10</dataTypeSize>
<ownDataTypeParameters>10,,</ownDataTypeParameters>
</Attribute>
<Attribute name="TName" id="0A8EB004-7F82-E56A-FCB8-F84FFD8B9EED">
<createdBy>Pranav Sharma</createdBy>
<createdTime>2017-09-08 09:09:54 UTC</createdTime>
<commentInRDBMS>naming identity.</commentInRDBMS>
<ownerDesignName>rm_OracleModel</ownerDesignName>
<engineerTo>
<item key="04894FAC-E68A-627E-8FA1-152144DB090A" value="true"/>
</engineerTo>
<nullsAllowed>true</nullsAllowed>
<useDomainConstraints>false</useDomainConstraints>
<use>1</use>
<logicalDatatype>LOGDT024</logicalDatatype>
<dataTypeSize>10</dataTypeSize>
<ownDataTypeParameters>10,,</ownDataTypeParameters>
</Attribute>
<Attribute name="Charity" id="E003DB50-7BD1-6EDB-3239-5E5357DD3282">
<createdBy>Pranav Sharma</createdBy>
<createdTime>2017-09-08 09:09:54 UTC</createdTime>
<commentInRDBMS>Name of the charity identified. </commentInRDBMS>
<ownerDesignName>rm_OracleModel</ownerDesignName>
<engineerTo>
<item key="04894FAC-E68A-627E-8FA1-152144DB090A" value="true"/>
</engineerTo>
<nullsAllowed>true</nullsAllowed>
<useDomainConstraints>false</useDomainConstraints>
<use>1</use>
<logicalDatatype>LOGDT024</logicalDatatype>
<dataTypeSize>10</dataTypeSize>
<ownDataTypeParameters>10,,</ownDataTypeParameters>
</Attribute>
<Attribute name="COMNUM" id="87A46C62-B093-B6F6-DC38-3D9AE0E2453C">
<createdBy>Pranav Sharma</createdBy>
<createdTime>2017-09-08 09:13:13 UTC</createdTime>
<generatorID>79CED1D1-C02A-43CF-3755-58E2A7BBD5EF</generatorID>
<ownerDesignName>rm_OracleModel</ownerDesignName>
<engineerTo>
<item key="04894FAC-E68A-627E-8FA1-152144DB090A" value="true"/>
</engineerTo>
<referedAttribute>D6815179-28F3-C481-FEB1-460D0F2FAC63</referedAttribute>
<useDomainConstraints>false</useDomainConstraints>
<use>1</use>
<logicalDatatype>LOGDT019</logicalDatatype>
<ownDataTypeParameters>,,</ownDataTypeParameters>
</Attribute>
<Attribute name="CARDATE" id="813512D1-C82C-1FC6-1BFE-47A34DD56529">
<createdBy>Pranav Sharma</createdBy>
<createdTime>2017-09-08 10:32:17 UTC</createdTime>
<generatorID>210C5CEB-DE66-BBFF-6F97-D1F84C9291AE</generatorID>
<ownerDesignName>rm_OracleModel</ownerDesignName>
<engineerTo>
<item key="04894FAC-E68A-627E-8FA1-152144DB090A" value="true"/>
</engineerTo>
<referedAttribute>255A2134-1DC6-1CC2-F9F0-B34ABE840476</referedAttribute>
<useDomainConstraints>false</useDomainConstraints>
<use>1</use>
<logicalDatatype>LOGDT007</logicalDatatype>
<ownDataTypeParameters>,,</ownDataTypeParameters>
</Attribute>
<Attribute name="COMEMAIL" id="C1AD49D4-3173-71DE-B5EC-492AB77BDBBF">
<createdBy>Pranav Sharma</createdBy>
<createdTime>2017-09-08 10:35:29 UTC</createdTime>
<generatorID>9045E3C1-1FE9-7A83-47FD-84ACCE56622C</generatorID>
<ownerDesignName>rm_OracleModel</ownerDesignName>
<engineerTo>
<item key="04894FAC-E68A-627E-8FA1-152144DB090A" value="true"/>
</engineerTo>
<referedAttribute>B0911A4C-E8A1-3F0F-5A40-1C63936C53CB</referedAttribute>
<useDomainConstraints>false</useDomainConstraints>
<use>1</use>
<logicalDatatype>LOGDT024</logicalDatatype>
<dataTypeSize>10</dataTypeSize>
<ownDataTypeParameters>,,</ownDataTypeParameters>
</Attribute>
</attributes>
<identifiers itemClass="oracle.dbtools.crest.model.design.logical.CandidateKey">
<identifier id="99EF2F12-EEF9-6CCC-3F06-A08925B422FF" name="EVENT_DATA_PK">
<createdBy>Pranav Sharma</createdBy>
<createdTime>2017-09-08 09:10:16 UTC</createdTime>
<ownerDesignName>rm_OracleModel</ownerDesignName>
<shouldEngineer>false</shouldEngineer>
<engineerTo>
<item key="04894FAC-E68A-627E-8FA1-152144DB090A" value="false"/>
</engineerTo>
<pk>true</pk>
<usedAttributes>
<attributeRef>DA48811F-C3AA-CF44-0C96-C97AE4FB458C</attributeRef>
</usedAttributes>
</identifier>
</identifiers>
</Entity>