<?xml version = '1.0' encoding = 'UTF-8'?>
<Diagram class="oracle.dbtools.crest.swingui.relational.DPVRelational" name="Relational_1" id="F47B24E8-613B-27D7-525C-7DFD8F72801A">
<createdBy>Pranav Sharma</createdBy>
<modifiedBy>Pranav Sharma</modifiedBy>
<createdTime>2017-09-08 10:20:58 UTC</createdTime>
<autoRoute>false</autoRoute>
<boxInbox>true</boxInbox>
<showLegend>false</showLegend>
<showLabels>false</showLabels>
<showRelAttributes>false</showRelAttributes>
<gridEnabled>false</gridEnabled>
<showGrid>false</showGrid>
<diagramColor>-1</diagramColor>
<display>false</display>
<notation>1</notation>
<objectViews>
<OView class="oracle.dbtools.crest.swingui.relational.TVTable" oid="0F90670B-8141-7D82-3E40-9D7B19B035D5" otype="Table" vid="6D673019-9E72-F725-4F71-47671A393744">
<hideElementsInCurrentOnly>false</hideElementsInCurrentOnly>
<bounds x="719" y="314" width="189" height="98"/>
</OView>
<OView class="oracle.dbtools.crest.swingui.relational.TVTable" oid="175E6A2A-F175-19E5-1778-E803F65E129C" otype="Table" vid="F12F13AD-2BDB-3AD1-EA48-F96661F9129F">
<hideElementsInCurrentOnly>false</hideElementsInCurrentOnly>
<bounds x="1260" y="59" width="191" height="112"/>
</OView>
<OView class="oracle.dbtools.crest.swingui.relational.TVTable" oid="4178CFE8-23E6-5516-5D5A-850B1F04A6B1" otype="Table" vid="8C06C1FC-F703-616A-811E-4D3B3F22E130">
<hideElementsInCurrentOnly>false</hideElementsInCurrentOnly>
<bounds x="391" y="125" width="176" height="91"/>
</OView>
<OView class="oracle.dbtools.crest.swingui.relational.TVTable" oid="50F8F58E-E793-C763-82D6-5803B6A9604D" otype="Table" vid="0239CFD6-D252-CBAE-851A-35B19AE9CC53">
<hideElementsInCurrentOnly>false</hideElementsInCurrentOnly>
<bounds x="1276" y="263" width="170" height="61"/>
</OView>
<OView class="oracle.dbtools.crest.swingui.relational.TVTable" oid="55DB4E54-3769-172B-0A4D-0BDDF4E7E09F" otype="Table" vid="3C04EEC6-DF7D-81B7-1F19-D4AA36934814">
<hideElementsInCurrentOnly>false</hideElementsInCurrentOnly>
<bounds x="979" y="155" width="260" height="71"/>
</OView>
<OView class="oracle.dbtools.crest.swingui.relational.TVTable" oid="5A9AF4BE-86E0-E6EC-084B-73D0C095F19F" otype="Table" vid="B4ED5F0A-5F73-4C3D-5AE1-173F9E6EF259">
<hideElementsInCurrentOnly>false</hideElementsInCurrentOnly>
<bounds x="1012" y="309" width="207" height="110"/>
</OView>
<OView class="oracle.dbtools.crest.swingui.relational.TVTable" oid="6847859C-D536-5A5C-8EB6-68D1D2261440" otype="Table" vid="44F61BDB-05F3-05F7-4F32-7C39E92CF99A">
<hideElementsInCurrentOnly>false</hideElementsInCurrentOnly>
<bounds x="79" y="30" width="181" height="135"/>
</OView>
<OView class="oracle.dbtools.crest.swingui.relational.TVTable" oid="743B1DEC-2E78-AF25-C8E7-F910409394FC" otype="Table" vid="18895B07-4FD9-C545-A44A-7D1664371F9B">
<hideElementsInCurrentOnly>false</hideElementsInCurrentOnly>
<bounds x="1536" y="164" width="170" height="135"/>
</OView>
<OView class="oracle.dbtools.crest.swingui.relational.TVTable" oid="8859DB22-1F53-C1C7-0674-524E7E199696" otype="Table" vid="B1B6EAC3-9913-7261-DF85-A3E410799639">
<hideElementsInCurrentOnly>false</hideElementsInCurrentOnly>
<bounds x="5" y="312" width="233" height="110"/>
</OView>
<OView class="oracle.dbtools.crest.swingui.relational.TVTable" oid="9870C9E8-32D8-8F7A-D8E4-54A2F3713998" otype="Table" vid="F4914C0C-3D16-C12C-A4C0-AC946200B68C">
<hideElementsInCurrentOnly>false</hideElementsInCurrentOnly>
<bounds x="704" y="42" width="204" height="148"/>
</OView>
<OView class="oracle.dbtools.crest.swingui.relational.TVTable" oid="9D5749E7-4DDB-720D-83BC-49DF97C9BEA1" otype="Table" vid="55B46D76-31E8-BB49-09C5-B1DB163E8522">
<hideElementsInCurrentOnly>false</hideElementsInCurrentOnly>
<bounds x="104" y="475" width="168" height="88"/>
</OView>
<OView class="oracle.dbtools.crest.swingui.relational.TVTable" oid="A67550FF-5632-F50E-1D43-8557C3DA1A3C" otype="Table" vid="CADEAB22-72C9-0FE2-6102-10E2A0FE1250">
<hideElementsInCurrentOnly>false</hideElementsInCurrentOnly>
<bounds x="1535" y="36" width="170" height="58"/>
</OView>
<OView class="oracle.dbtools.crest.swingui.relational.TVTable" oid="AAA51D72-409D-F35F-7CB2-2B92461252FB" otype="Table" vid="BDF1817D-86F4-3B3C-F5C2-3D07D8B310AE">
<hideElementsInCurrentOnly>false</hideElementsInCurrentOnly>
<bounds x="770" y="469" width="246" height="73"/>
</OView>
<OView class="oracle.dbtools.crest.swingui.relational.TVTable" oid="B21DDF5D-4A64-3C69-EF2B-DD6405CE1D11" otype="Table" vid="603AD321-795C-5D35-AD52-54CC3969BEAC">
<hideElementsInCurrentOnly>false</hideElementsInCurrentOnly>
<bounds x="1283" y="407" width="170" height="88"/>
</OView>
<OView class="oracle.dbtools.crest.swingui.relational.TVTable" oid="CE922273-CC9C-43F0-D1EA-C4A956DDFBC0" otype="Table" vid="27AE37B4-7FE9-EFF1-A124-251C3D7FA080">
<hideElementsInCurrentOnly>false</hideElementsInCurrentOnly>
<bounds x="370" y="305" width="232" height="127"/>
</OView>
</objectViews>
<connectors>
<Connector class="oracle.dbtools.crest.swingui.relational.TVFKRelation" oid="0C108844-0E22-7822-CB66-C9C72C69C3CD" otype="FKIndexAssociation" vid_source="B1B6EAC3-9913-7261-DF85-A3E410799639" vid_target="55B46D76-31E8-BB49-09C5-B1DB163E8522">
<hideElementsInCurrentOnly>false</hideElementsInCurrentOnly>
<lineWidth>1</lineWidth>
<points>
<point x="182" y="422"/>
<point x="171" y="475"/>
</points>
</Connector>
<Connector class="oracle.dbtools.crest.swingui.relational.TVFKRelation" oid="2E0915BD-27E4-0F36-280D-8675FE173358" otype="FKIndexAssociation" vid_source="8C06C1FC-F703-616A-811E-4D3B3F22E130" vid_target="44F61BDB-05F3-05F7-4F32-7C39E92CF99A">
<hideElementsInCurrentOnly>false</hideElementsInCurrentOnly>
<lineWidth>1</lineWidth>
<points>
<point x="391" y="144"/>
<point x="260" y="145"/>
</points>
</Connector>
<Connector class="oracle.dbtools.crest.swingui.relational.TVFKRelation" oid="2EAC001D-ED8B-5066-DD66-61BBD937C78D" otype="FKIndexAssociation" vid_source="8C06C1FC-F703-616A-811E-4D3B3F22E130" vid_target="F4914C0C-3D16-C12C-A4C0-AC946200B68C">
<hideElementsInCurrentOnly>false</hideElementsInCurrentOnly>
<lineWidth>1</lineWidth>
<points>
<point x="567" y="157"/>
<point x="704" y="157"/>
</points>
</Connector>
<Connector class="oracle.dbtools.crest.swingui.relational.TVFKRelation" oid="36DFC090-2E66-793E-6699-E150D2C6A714" otype="FKIndexAssociation" vid_source="8C06C1FC-F703-616A-811E-4D3B3F22E130" vid_target="27AE37B4-7FE9-EFF1-A124-251C3D7FA080">
<hideElementsInCurrentOnly>false</hideElementsInCurrentOnly>
<lineWidth>1</lineWidth>
<points>
<point x="473" y="216"/>
<point x="479" y="305"/>
</points>
</Connector>
<Connector class="oracle.dbtools.crest.swingui.relational.TVFKRelation" oid="384B7133-AF41-3295-DBB6-427BAD729443" otype="FKIndexAssociation" vid_source="6D673019-9E72-F725-4F71-47671A393744" vid_target="BDF1817D-86F4-3B3C-F5C2-3D07D8B310AE">
<hideElementsInCurrentOnly>false</hideElementsInCurrentOnly>
<lineWidth>1</lineWidth>
<points>
<point x="839" y="412"/>
<point x="839" y="469"/>
</points>
</Connector>
<Connector class="oracle.dbtools.crest.swingui.relational.TVFKRelation" oid="3E36FC9E-AD9E-06F4-EF31-0938CFCBB617" otype="FKIndexAssociation" vid_source="27AE37B4-7FE9-EFF1-A124-251C3D7FA080" vid_target="44F61BDB-05F3-05F7-4F32-7C39E92CF99A">
<hideElementsInCurrentOnly>false</hideElementsInCurrentOnly>
<lineWidth>1</lineWidth>
<points>
<point x="370" y="358"/>
<point x="172" y="165"/>
</points>
</Connector>
<Connector class="oracle.dbtools.crest.swingui.relational.TVFKRelation" oid="4D407BA1-1ED2-8180-7D81-645AB1B427A6" otype="FKIndexAssociation" vid_source="B4ED5F0A-5F73-4C3D-5AE1-173F9E6EF259" vid_target="6D673019-9E72-F725-4F71-47671A393744">
<hideElementsInCurrentOnly>false</hideElementsInCurrentOnly>
<lineWidth>1</lineWidth>
<points>
<point x="1012" y="363"/>
<point x="908" y="363"/>
</points>
</Connector>
<Connector class="oracle.dbtools.crest.swingui.relational.TVFKRelation" oid="66846349-49CA-7334-2BA3-C94890775CE6" otype="FKIndexAssociation" vid_source="603AD321-795C-5D35-AD52-54CC3969BEAC" vid_target="0239CFD6-D252-CBAE-851A-35B19AE9CC53">
<hideElementsInCurrentOnly>false</hideElementsInCurrentOnly>
<lineWidth>1</lineWidth>
<points>
<point x="1364" y="407"/>
<point x="1364" y="324"/>
</points>
</Connector>
<Connector class="oracle.dbtools.crest.swingui.relational.TVFKRelation" oid="73C44BD5-2588-B9A5-DF8B-8EDB9BBCC233" otype="FKIndexAssociation" vid_source="18895B07-4FD9-C545-A44A-7D1664371F9B" vid_target="CADEAB22-72C9-0FE2-6102-10E2A0FE1250">
<hideElementsInCurrentOnly>false</hideElementsInCurrentOnly>
<lineWidth>1</lineWidth>
<points>
<point x="1620" y="164"/>
<point x="1630" y="94"/>
</points>
</Connector>
<Connector class="oracle.dbtools.crest.swingui.relational.TVFKRelation" oid="909CC443-9A02-E6F6-C456-8E9E397A8093" otype="FKIndexAssociation" vid_source="27AE37B4-7FE9-EFF1-A124-251C3D7FA080" vid_target="B1B6EAC3-9913-7261-DF85-A3E410799639">
<hideElementsInCurrentOnly>false</hideElementsInCurrentOnly>
<lineWidth>1</lineWidth>
<points>
<point x="370" y="377"/>
<point x="238" y="377"/>
</points>
</Connector>
<Connector class="oracle.dbtools.crest.swingui.relational.TVFKRelation" oid="914A1E26-9D60-0961-022C-F1BCD0A43E06" otype="FKIndexAssociation" vid_source="F4914C0C-3D16-C12C-A4C0-AC946200B68C" vid_target="44F61BDB-05F3-05F7-4F32-7C39E92CF99A">
<hideElementsInCurrentOnly>false</hideElementsInCurrentOnly>
<lineWidth>1</lineWidth>
<points>
<point x="704" y="106"/>
<point x="260" y="103"/>
</points>
</Connector>
<Connector class="oracle.dbtools.crest.swingui.relational.TVFKRelation" oid="A61319F6-704D-E661-08C1-C0CA6C1ADB6A" otype="FKIndexAssociation" vid_source="F4914C0C-3D16-C12C-A4C0-AC946200B68C" vid_target="3C04EEC6-DF7D-81B7-1F19-D4AA36934814">
<hideElementsInCurrentOnly>false</hideElementsInCurrentOnly>
<lineWidth>1</lineWidth>
<points>
<point x="908" y="190"/>
<point x="979" y="172"/>
</points>
</Connector>
<Connector class="oracle.dbtools.crest.swingui.relational.TVFKRelation" oid="AA120B51-A86B-CBCC-0D0A-947D97A92EDF" otype="FKIndexAssociation" vid_source="F12F13AD-2BDB-3AD1-EA48-F96661F9129F" vid_target="0239CFD6-D252-CBAE-851A-35B19AE9CC53">
<hideElementsInCurrentOnly>false</hideElementsInCurrentOnly>
<lineWidth>1</lineWidth>
<points>
<point x="1358" y="171"/>
<point x="1361" y="263"/>
</points>
</Connector>
<Connector class="oracle.dbtools.crest.swingui.relational.TVFKRelation" oid="B427BF98-9EA2-2E73-32F6-4C671090C2CB" otype="FKIndexAssociation" vid_source="F4914C0C-3D16-C12C-A4C0-AC946200B68C" vid_target="6D673019-9E72-F725-4F71-47671A393744">
<hideElementsInCurrentOnly>false</hideElementsInCurrentOnly>
<lineWidth>1</lineWidth>
<points>
<point x="808" y="190"/>
<point x="813" y="314"/>
</points>
</Connector>
<Connector class="oracle.dbtools.crest.swingui.relational.TVFKRelation" oid="BD66F7C8-7AC5-8F94-3D28-11C2C5474DF4" otype="FKIndexAssociation" vid_source="F4914C0C-3D16-C12C-A4C0-AC946200B68C" vid_target="F12F13AD-2BDB-3AD1-EA48-F96661F9129F">
<hideElementsInCurrentOnly>false</hideElementsInCurrentOnly>
<lineWidth>1</lineWidth>
<points>
<point x="908" y="138"/>
<point x="1260" y="115"/>
</points>
</Connector>
<Connector class="oracle.dbtools.crest.swingui.relational.TVFKRelation" oid="FFD002A9-5EA9-6031-19ED-A08B829B3002" otype="FKIndexAssociation" vid_source="F12F13AD-2BDB-3AD1-EA48-F96661F9129F" vid_target="CADEAB22-72C9-0FE2-6102-10E2A0FE1250">
<hideElementsInCurrentOnly>false</hideElementsInCurrentOnly>
<lineWidth>1</lineWidth>
<points>
<point x="1451" y="76"/>
<point x="1535" y="76"/>
</points>
</Connector>
</connectors>
</Diagram>