<?xml version = '1.0' encoding = 'UTF-8'?>
<Relation class="oracle.dbtools.crest.model.design.logical.Relation" name="INFORMATION COMPETITOR FK" directorySegmentName="seg_0" id="0D7B0A2E-101F-3CBA-93A7-635EC57BD27A">
<createdBy>Pranav Sharma</createdBy>
<createdTime>2017-09-08 09:54:03 UTC</createdTime>
<ownerDesignName>rm_OracleModel</ownerDesignName>
<engineerTo>
<item key="04894FAC-E68A-627E-8FA1-152144DB090A" value="true"/>
</engineerTo>
<sourcePk>71E96348-906E-322F-D11E-5478C40E3D02</sourcePk>
<identifying>false</identifying>
<optionalSource>true</optionalSource>
<optionalTarget>false</optionalTarget>
<sourceCardinality>1</sourceCardinality>
<sourceEntity>44EB475B-4AA3-4AEC-B973-EAD4A497C56A</sourceEntity>
<targetCardinalityString>*</targetCardinalityString>
<targetEntity>0A3C7B2E-0186-4AFD-C69D-41F50449F865</targetEntity>
<transferable>true</transferable>
<deleteRule>NO ACTION</deleteRule>
</Relation>