<?xml version = '1.0' encoding = 'UTF-8'?>
<Relation class="oracle.dbtools.crest.model.design.logical.Relation" name="ITEM DETAILS ITEM FK" directorySegmentName="seg_0" id="10D6604B-BB8A-2141-EB9C-D523B4B26AA8">
<createdBy>Pranav Sharma</createdBy>
<createdTime>2017-09-08 10:14:11 UTC</createdTime>
<ownerDesignName>rm_OracleModel</ownerDesignName>
<engineerTo>
<item key="04894FAC-E68A-627E-8FA1-152144DB090A" value="true"/>
</engineerTo>
<sourcePk>A9070578-1D17-D369-7E28-AA10D9784552</sourcePk>
<identifying>false</identifying>
<optionalSource>true</optionalSource>
<optionalTarget>false</optionalTarget>
<sourceCardinality>1</sourceCardinality>
<sourceEntity>6E1A7BAD-89DD-FA27-326E-B083384A37DB</sourceEntity>
<targetCardinalityString>*</targetCardinalityString>
<targetEntity>5FA42D75-5AF3-56BC-19F2-EF9972FE549B</targetEntity>
<transferable>true</transferable>
<deleteRule>NO ACTION</deleteRule>
</Relation>