<?xml version = '1.0' encoding = 'UTF-8'?>
<Relation class="oracle.dbtools.crest.model.design.logical.Relation" name="Relation_19" directorySegmentName="seg_0" id="210C5CEB-DE66-BBFF-6F97-D1F84C9291AE">
<createdBy>Pranav Sharma</createdBy>
<createdTime>2017-09-08 10:32:17 UTC</createdTime>
<ownerDesignName>rm_OracleModel</ownerDesignName>
<engineerTo>
<item key="04894FAC-E68A-627E-8FA1-152144DB090A" value="true"/>
</engineerTo>
<sourcePk>ADFE65BE-88E5-0717-D163-92A90725E082</sourcePk>
<identifying>false</identifying>
<optionalSource>true</optionalSource>
<optionalTarget>false</optionalTarget>
<sourceCardinality>1</sourceCardinality>
<sourceEntity>CB796946-81F9-006A-84D7-9F73AABC89DE</sourceEntity>
<targetCardinalityString>*</targetCardinalityString>
<targetEntity>DDD8F2F1-57DF-166D-71FF-AFCB4D359F95</targetEntity>
<transferable>true</transferable>
<deleteRule>NO ACTION</deleteRule>
</Relation>