<?xml version = '1.0' encoding = 'UTF-8'?>
<Relation class="oracle.dbtools.crest.model.design.logical.Relation" name="ORDER DETAILS MERCHANDISE FK" directorySegmentName="seg_0" id="44D69924-8D2A-820C-444C-578ADCF5CB8E">
<createdBy>Pranav Sharma</createdBy>
<createdTime>2017-09-08 10:07:17 UTC</createdTime>
<ownerDesignName>rm_OracleModel</ownerDesignName>
<engineerTo>
<item key="04894FAC-E68A-627E-8FA1-152144DB090A" value="true"/>
</engineerTo>
<sourcePk>E27EE5A8-43E0-A601-A376-13B8B8CAAA9F</sourcePk>
<identifying>false</identifying>
<optionalSource>true</optionalSource>
<optionalTarget>false</optionalTarget>
<sourceCardinality>1</sourceCardinality>
<sourceEntity>97A055EE-80F9-E1E8-9740-0267CEF93BCF</sourceEntity>
<targetCardinalityString>*</targetCardinalityString>
<targetEntity>B0C19904-2789-2A36-C663-43648865150B</targetEntity>
<transferable>true</transferable>
<deleteRule>NO ACTION</deleteRule>
</Relation>