<?xml version = '1.0' encoding = 'UTF-8'?>
<Relation class="oracle.dbtools.crest.model.design.logical.Relation" name="EVENT DATA RUN MONASH FK" directorySegmentName="seg_0" id="79CED1D1-C02A-43CF-3755-58E2A7BBD5EF">
<createdBy>Pranav Sharma</createdBy>
<createdTime>2017-09-08 09:13:13 UTC</createdTime>
<ownerDesignName>rm_OracleModel</ownerDesignName>
<engineerTo>
<item key="04894FAC-E68A-627E-8FA1-152144DB090A" value="true"/>
</engineerTo>
<sourcePk>593D840E-DEAD-FEC0-20BC-8777B404F135</sourcePk>
<identifying>false</identifying>
<optionalSource>true</optionalSource>
<optionalTarget>false</optionalTarget>
<sourceCardinality>1</sourceCardinality>
<sourceEntity>00CBB52E-BD30-4F2D-6318-38AC05F1D587</sourceEntity>
<targetCardinalityString>*</targetCardinalityString>
<targetEntity>DDD8F2F1-57DF-166D-71FF-AFCB4D359F95</targetEntity>
<transferable>true</transferable>
<deleteRule>NO ACTION</deleteRule>
</Relation>