<?xml version = '1.0' encoding = 'UTF-8'?>
<Relation class="oracle.dbtools.crest.model.design.logical.Relation" name="CONTACT EMER CONTACT FK" directorySegmentName="seg_0" id="83D363DE-183A-BB43-B5FC-059B0E8D6C58">
<createdBy>Pranav Sharma</createdBy>
<createdTime>2017-09-08 09:47:36 UTC</createdTime>
<ownerDesignName>rm_OracleModel</ownerDesignName>
<engineerTo>
<item key="04894FAC-E68A-627E-8FA1-152144DB090A" value="true"/>
</engineerTo>
<sourcePk>F7051C0E-D1D2-392C-FDF8-5F5A22327D10</sourcePk>
<identifying>false</identifying>
<optionalSource>true</optionalSource>
<optionalTarget>false</optionalTarget>
<sourceCardinality>1</sourceCardinality>
<sourceEntity>47393B02-5585-355D-DF83-C1831BDE703A</sourceEntity>
<targetCardinalityString>*</targetCardinalityString>
<targetEntity>879919B3-EEF0-1322-6802-58445EB97632</targetEntity>
<transferable>true</transferable>
<deleteRule>NO ACTION</deleteRule>
</Relation>