<?xml version = '1.0' encoding = 'UTF-8'?>
<Relation class="oracle.dbtools.crest.model.design.logical.Relation" name="Relation_21" directorySegmentName="seg_0" id="83E49001-CC89-B743-ECA0-82267ADF12E7">
<createdBy>Pranav Sharma</createdBy>
<createdTime>2017-09-08 10:36:32 UTC</createdTime>
<ownerDesignName>rm_OracleModel</ownerDesignName>
<engineerTo>
<item key="04894FAC-E68A-627E-8FA1-152144DB090A" value="true"/>
</engineerTo>
<sourcePk>593D840E-DEAD-FEC0-20BC-8777B404F135</sourcePk>
<identifying>false</identifying>
<optionalSource>true</optionalSource>
<optionalTarget>false</optionalTarget>
<sourceCardinality>1</sourceCardinality>
<sourceEntity>00CBB52E-BD30-4F2D-6318-38AC05F1D587</sourceEntity>
<targetCardinalityString>*</targetCardinalityString>
<targetEntity>44EB475B-4AA3-4AEC-B973-EAD4A497C56A</targetEntity>
<transferable>true</transferable>
<deleteRule>NO ACTION</deleteRule>
</Relation>