<?xml version = '1.0' encoding = 'UTF-8'?>
<Relation class="oracle.dbtools.crest.model.design.logical.Relation" name="CONTACT COMPETITOR FK" directorySegmentName="seg_0" id="8535F172-162B-0BAD-721D-0C546C26C802">
<createdBy>Pranav Sharma</createdBy>
<createdTime>2017-09-08 09:44:19 UTC</createdTime>
<ownerDesignName>rm_OracleModel</ownerDesignName>
<engineerTo>
<item key="04894FAC-E68A-627E-8FA1-152144DB090A" value="true"/>
</engineerTo>
<sourcePk>71E96348-906E-322F-D11E-5478C40E3D02</sourcePk>
<identifying>false</identifying>
<optionalSource>true</optionalSource>
<optionalTarget>false</optionalTarget>
<sourceCardinality>1</sourceCardinality>
<sourceEntity>44EB475B-4AA3-4AEC-B973-EAD4A497C56A</sourceEntity>
<targetCardinalityString>*</targetCardinalityString>
<targetEntity>879919B3-EEF0-1322-6802-58445EB97632</targetEntity>
<transferable>true</transferable>
<deleteRule>NO ACTION</deleteRule>
</Relation>