<?xml version = '1.0' encoding = 'UTF-8'?>
<Relation class="oracle.dbtools.crest.model.design.logical.Relation" name="PARENT CONTACT FK" directorySegmentName="seg_0" id="8C7A3CB3-3D85-71B0-2069-84B4448CFC9C">
<createdBy>Pranav Sharma</createdBy>
<createdTime>2017-09-08 09:58:38 UTC</createdTime>
<ownerDesignName>rm_OracleModel</ownerDesignName>
<engineerTo>
<item key="04894FAC-E68A-627E-8FA1-152144DB090A" value="true"/>
</engineerTo>
<sourcePk>2989FCDD-56D4-6324-20F7-E281647CC2F8</sourcePk>
<identifying>false</identifying>
<optionalSource>true</optionalSource>
<optionalTarget>false</optionalTarget>
<sourceCardinality>1</sourceCardinality>
<sourceEntity>879919B3-EEF0-1322-6802-58445EB97632</sourceEntity>
<targetCardinalityString>*</targetCardinalityString>
<targetEntity>6D1FE3A0-E4FA-2D6A-8211-944E4978988B</targetEntity>
<transferable>true</transferable>
<deleteRule>NO ACTION</deleteRule>
</Relation>