<?xml version = '1.0' encoding = 'UTF-8'?>
<Relation class="oracle.dbtools.crest.model.design.logical.Relation" name="Relation_20" directorySegmentName="seg_0" id="9045E3C1-1FE9-7A83-47FD-84ACCE56622C">
<createdBy>Pranav Sharma</createdBy>
<createdTime>2017-09-08 10:35:29 UTC</createdTime>
<ownerDesignName>rm_OracleModel</ownerDesignName>
<engineerTo>
<item key="04894FAC-E68A-627E-8FA1-152144DB090A" value="true"/>
</engineerTo>
<sourcePk>71E96348-906E-322F-D11E-5478C40E3D02</sourcePk>
<identifying>false</identifying>
<optionalSource>true</optionalSource>
<optionalTarget>false</optionalTarget>
<sourceCardinality>1</sourceCardinality>
<sourceEntity>44EB475B-4AA3-4AEC-B973-EAD4A497C56A</sourceEntity>
<targetCardinalityString>*</targetCardinalityString>
<targetEntity>DDD8F2F1-57DF-166D-71FF-AFCB4D359F95</targetEntity>
<transferable>true</transferable>
<deleteRule>NO ACTION</deleteRule>
</Relation>