<?xml version = '1.0' encoding = 'UTF-8'?>
<Relation class="oracle.dbtools.crest.model.design.logical.Relation" name="SPONSOR CARNIVAL FK" directorySegmentName="seg_0" id="BC9ED724-5248-7EF2-8C28-224A5CD82535">
<createdBy>Pranav Sharma</createdBy>
<createdTime>2017-09-08 09:28:08 UTC</createdTime>
<ownerDesignName>rm_OracleModel</ownerDesignName>
<engineerTo>
<item key="04894FAC-E68A-627E-8FA1-152144DB090A" value="true"/>
</engineerTo>
<sourcePk>ADFE65BE-88E5-0717-D163-92A90725E082</sourcePk>
<identifying>false</identifying>
<optionalSource>true</optionalSource>
<optionalTarget>false</optionalTarget>
<sourceCardinality>1</sourceCardinality>
<sourceEntity>CB796946-81F9-006A-84D7-9F73AABC89DE</sourceEntity>
<targetCardinalityString>*</targetCardinalityString>
<targetEntity>8EF7CE7E-6D0D-8328-BB51-E8502876209D</targetEntity>
<transferable>true</transferable>
<deleteRule>NO ACTION</deleteRule>
</Relation>