<?xml version = '1.0' encoding = 'UTF-8'?>
<Relation class="oracle.dbtools.crest.model.design.logical.Relation" name="SPONSOR INFO SPONSOR FK" directorySegmentName="seg_0" id="CA7B5761-8DF6-3DDA-DD79-D784B185CD8F">
<createdBy>Pranav Sharma</createdBy>
<createdTime>2017-09-08 09:32:52 UTC</createdTime>
<ownerDesignName>rm_OracleModel</ownerDesignName>
<engineerTo>
<item key="04894FAC-E68A-627E-8FA1-152144DB090A" value="true"/>
</engineerTo>
<sourcePk>D52D5841-4E47-3E2E-8C3B-8B1F01D44129</sourcePk>
<identifying>false</identifying>
<optionalSource>true</optionalSource>
<optionalTarget>false</optionalTarget>
<sourceCardinality>1</sourceCardinality>
<sourceEntity>8EF7CE7E-6D0D-8328-BB51-E8502876209D</sourceEntity>
<targetCardinalityString>*</targetCardinalityString>
<targetEntity>BC36FEEB-479C-4AA5-C5A5-A4C2964BC31D</targetEntity>
<transferable>true</transferable>
<deleteRule>NO ACTION</deleteRule>
</Relation>