<?xml version = '1.0' encoding = 'UTF-8'?>
<Relation class="oracle.dbtools.crest.model.design.logical.Relation" name="Relation_22" directorySegmentName="seg_0" id="D54C69ED-9940-8E1D-8E82-AF57410EE827">
<createdBy>Pranav Sharma</createdBy>
<createdTime>2017-09-08 10:38:17 UTC</createdTime>
<ownerDesignName>rm_OracleModel</ownerDesignName>
<engineerTo>
<item key="04894FAC-E68A-627E-8FA1-152144DB090A" value="true"/>
</engineerTo>
<sourcePk>71E96348-906E-322F-D11E-5478C40E3D02</sourcePk>
<identifying>false</identifying>
<optionalSource>true</optionalSource>
<optionalTarget>false</optionalTarget>
<sourceCardinality>1</sourceCardinality>
<sourceEntity>44EB475B-4AA3-4AEC-B973-EAD4A497C56A</sourceEntity>
<targetCardinalityString>*</targetCardinalityString>
<targetEntity>97A055EE-80F9-E1E8-9740-0267CEF93BCF</targetEntity>
<transferable>true</transferable>
<deleteRule>NO ACTION</deleteRule>
</Relation>