<?xml version = '1.0' encoding = 'UTF-8'?>
<Relation class="oracle.dbtools.crest.model.design.logical.Relation" name="Relation_18" directorySegmentName="seg_0" id="DD3BA3C8-0651-8956-04AF-BB127AFD8FDF">
<createdBy>Pranav Sharma</createdBy>
<createdTime>2017-09-08 10:30:38 UTC</createdTime>
<ownerDesignName>rm_OracleModel</ownerDesignName>
<engineerTo>
<item key="04894FAC-E68A-627E-8FA1-152144DB090A" value="true"/>
</engineerTo>
<sourcePk>593D840E-DEAD-FEC0-20BC-8777B404F135</sourcePk>
<identifying>false</identifying>
<optionalSource>true</optionalSource>
<optionalTarget>false</optionalTarget>
<sourceCardinality>1</sourceCardinality>
<sourceEntity>00CBB52E-BD30-4F2D-6318-38AC05F1D587</sourceEntity>
<targetCardinalityString>*</targetCardinalityString>
<targetEntity>CB796946-81F9-006A-84D7-9F73AABC89DE</targetEntity>
<transferable>true</transferable>
<deleteRule>NO ACTION</deleteRule>
</Relation>