<?xml version = '1.0' encoding = 'UTF-8'?>
<Relation class="oracle.dbtools.crest.model.design.logical.Relation" name="ORDER DETAILS ORDER FK" directorySegmentName="seg_0" id="FDFEF9F8-7CDE-C97C-F5E0-9078E9545C69">
<createdBy>Pranav Sharma</createdBy>
<createdTime>2017-09-08 10:07:25 UTC</createdTime>
<ownerDesignName>rm_OracleModel</ownerDesignName>
<engineerTo>
<item key="04894FAC-E68A-627E-8FA1-152144DB090A" value="true"/>
</engineerTo>
<sourcePk>50AA8E3A-5C78-B4E7-A262-03F61EA86923</sourcePk>
<identifying>false</identifying>
<optionalSource>true</optionalSource>
<optionalTarget>false</optionalTarget>
<sourceCardinality>1</sourceCardinality>
<sourceEntity>C3EE9BF8-393F-B476-4DDB-499AD16AF1F8</sourceEntity>
<targetCardinalityString>*</targetCardinalityString>
<targetEntity>B0C19904-2789-2A36-C663-43648865150B</targetEntity>
<transferable>true</transferable>
<deleteRule>NO ACTION</deleteRule>
</Relation>